replicate,instance,group,result
2,1,1,0.519603002206917 
4,1,1,32.0975269119086 
2,2,1,0.590755136344182 
7,1,1,918.753701245615 
4,2,1,24.3511024264191 
2,3,1,1.99022887118801 
2,4,1,0.755213623691667 
4,3,1,33.8908339246644 
1,1,1,49508.56127662 
7,2,1,789.87476842513 
2,5,1,1.30935016829304 
5,1,1,79490.6725492876 
4,4,1,26.984113852495 
2,6,1,2.99349106794706 
2,7,1,0.000690860162741086 
6,1,1,348646.052065905 
4,5,1,31.8949155931937 
7,3,1,825.697762873635 
3,1,1,492300.448561325 
2,8,1,1.62720236560979 
4,6,1,23.1147303507461 
2,9,1,0.333669482151914 
1,2,1,40589.394946257 
7,4,1,730.146172756189 
2,10,1,1.67538331029312 
4,7,1,23.0736735600676 
5,2,1,94302.3699807122 
2,11,1,1.58611338359043 
4,8,1,20.6203020827327 
2,12,1,1.18632931756812 
7,5,1,894.262663267673 
4,9,1,35.0728302197537 
2,13,1,0.589193945166582 
1,3,1,61701.7470569565 
2,14,1,0.709764533411401 
6,2,1,428617.330220583 
4,10,1,22.5539300988639 
7,6,1,615.29452911691 
2,15,1,0.278684093083142 
5,3,1,89220.8322502677 
3,2,1,544030.353073026 
4,11,1,19.5327844198983 
2,16,1,1.26342958392799 
2,17,1,0.917664250015332 
7,7,1,717.786056423067 
4,12,1,22.7799724961963 
2,18,1,0.134289801316796 
1,4,1,55123.008793954 
4,13,1,24.3490676677856 
2,19,1,1.00941378425165 
7,8,1,838.090164404115 
2,20,1,0.334390501483469 
4,14,1,25.7116810381854 
5,4,1,89267.3321951503 
2,21,1,0.936515248008651 
6,3,1,404944.553110088 
4,15,1,19.0048305927106 
2,22,1,0.317807409995629 
7,9,1,980.385071179082 
2,23,1,1.50514808984763 
1,5,1,68598.9966888259 
4,16,1,28.8806683642494 
3,3,1,575256.017201438 
2,24,1,0.0206864615323204 
7,10,1,804.793919204162 
4,17,1,27.8944426211484 
2,25,1,0.716582416873402 
5,5,1,85172.2416217167 
4,18,1,22.8309589587788 
2,26,1,0.0773786019024017 
7,11,1,840.396818318058 
2,27,1,1.91989437185779 
4,19,1,23.9564915165825 
1,6,1,62826.5380975738 
2,28,1,0.702463298081104 
6,4,1,407069.704500726 
4,20,1,24.6703336972359 
2,29,1,1.50847204727723 
7,12,1,804.660106588442 
2,30,1,1.30225734497067 
4,21,1,28.4457563855852 
5,6,1,86065.10570693 
2,1,2,1.73087158979238 
3,4,1,455288.621730655 
4,22,1,31.2562976283577 
7,13,1,765.952985843318 
2,2,2,0.704978779545741 
1,7,1,60250.3817414338 
2,3,2,0.827171801642295 
4,23,1,35.850316759113 
2,4,2,1.27777026107775 
7,14,1,519.64037996395 
4,24,1,34.4281752942312 
2,5,2,1.42106902027382 
6,5,1,398568.911308218 
5,7,1,93741.4673808015 
4,25,1,24.0562672082599 
2,6,2,1.59970021955983 
7,15,1,871.969077868944 
1,8,1,67252.4458956515 
2,7,2,0.548690589574901 
4,26,1,23.7636866691571 
2,8,2,0.471623010024315 
4,27,1,17.8175495602105 
2,9,2,1.43420480671512 
3,5,1,496448.86776159 
7,16,1,841.786094811724 
2,10,2,1.23343042482513 
4,28,1,29.7120536446799 
5,8,1,91490.6107101458 
2,11,2,0.804396450378639 
1,9,1,54272.9614688267 
7,17,1,676.363676521515 
4,29,1,28.2931552350526 
2,12,2,0.505244215103491 
6,6,1,396955.690393562 
2,13,2,1.68328358384618 
4,30,1,26.4357756900895 
7,18,1,948.677542951713 
2,14,2,3.22065386457272 
4,1,2,24.3516755538202 
2,15,2,0.790301361907407 
5,9,1,99723.0415346566 
1,10,1,56528.6065576187 
4,2,2,21.6497036914748 
2,16,2,1.52151375188028 
7,19,1,907.332490866702 
3,6,1,504647.89410797 
2,17,2,0.727568576732129 
4,3,2,26.2394949290765 
2,18,2,1.08771145111775 
7,20,1,1007.89013116718 
4,4,2,25.1847154451591 
2,19,2,1.04422621921104 
6,7,1,402613.139814214 
2,20,2,0.188658262666836 
4,5,2,23.7100293244248 
1,11,1,59287.7347412056 
5,10,1,104171.380344752 
2,21,2,0.529064371673689 
7,21,1,620.639553934146 
4,6,2,28.3499114629927 
2,22,2,0.542135744011422 
2,23,2,4.9429330326272 
4,7,2,24.6002860611986 
7,22,1,883.613450506987 
2,24,2,0.30023963868806 
4,8,2,21.7236590491435 
3,7,1,529323.640618173 
1,12,1,62486.8985100389 
2,25,2,0.338806719450334 
5,11,1,95816.1107541356 
4,9,2,30.2165745371465 
7,23,1,949.827824699239 
2,26,2,1.68132172866663 
6,8,1,427520.015771153 
2,27,2,0.121921056730786 
4,10,2,26.1232217563454 
2,28,2,0.633035309468961 
7,24,1,875.604434279432 
4,11,2,23.1490894187991 
2,29,2,0.648466139615709 
1,13,1,61942.4539098267 
4,12,2,31.240842923791 
2,30,2,0.154059549442556 
5,12,1,96997.0602160616 
7,25,1,700.723436602499 
4,13,2,34.9180317522319 
3,8,1,549785.61600679 
4,14,2,21.6445373725114 
7,26,1,889.902864249295 
6,9,1,361795.788102452 
1,14,1,45721.4156988083 
4,15,2,19.9796317183965 
5,13,1,94837.3049307381 
7,27,1,813.960109023052 
4,16,2,34.1486544369953 
4,17,2,21.1994977747223 
7,28,1,709.036640560767 
1,15,1,62554.5915659869 
4,18,2,38.7976081942226 
4,19,2,30.1388411354895 
3,9,1,572771.017122344 
6,10,1,416278.148019089 
5,14,1,78278.6767831188 
7,29,1,968.347382399815 
4,20,2,24.1566928261656 
4,21,2,26.4385666932238 
7,30,1,933.956529464932 
1,16,1,54464.7065016442 
4,22,2,23.9957431855942 
5,15,1,61092.2572290368 
7,1,2,958.192766307015 
4,23,2,26.9896437244983 
4,24,2,25.9668271249592 
6,11,1,358821.575041755 
1,17,1,64462.9351950199 
7,2,2,879.617502292007 
3,10,1,544504.717849569 
4,25,2,25.74172440412 
4,26,2,36.7069276761574 
7,3,2,676.293555041647 
5,16,1,88052.5103834199 
4,27,2,30.7387814668683 
1,18,1,57822.0598200528 
7,4,2,860.684439693992 
4,28,2,26.426268135804 
6,12,1,340782.732374381 
4,29,2,34.8204694583 
7,5,2,1024.03597162569 
5,17,1,85284.477161895 
3,11,1,633938.095008275 
4,30,2,23.0649787743632 
1,19,1,60435.6260893285 
7,6,2,769.675165985921 
7,7,2,912.343417016809 
5,18,1,100701.051787713 
1,20,1,72901.9728297395 
6,13,1,440281.797090282 
7,8,2,667.105288934437 
3,12,1,596181.855281311 
7,9,2,740.267903323659 
5,19,1,86546.9832664351 
1,21,1,67179.5502287592 
7,10,2,1020.6395323882 
6,14,1,373577.558785669 
7,11,2,836.66634387207 
5,20,1,98131.1734481084 
1,22,1,67535.8288808843 
3,13,1,611682.219456726 
7,12,2,789.528340996405 
7,13,2,916.185897409811 
1,23,1,44302.6765201418 
5,21,1,84355.361942477 
6,15,1,386120.1592597 
7,14,2,938.785578220937 
7,15,2,748.186023041842 
1,24,1,53989.8057018911 
3,14,1,599123.564301321 
5,22,1,88120.1933125501 
7,16,2,926.536483212577 
6,16,1,386795.153098457 
1,25,1,56412.7434911483 
7,17,2,906.824911017325 
5,23,1,86695.2234088171 
7,18,2,1086.83085713626 
3,15,1,576876.708331912 
1,26,1,58754.2652868729 
7,19,2,932.131010203601 
6,17,1,324167.657551085 
5,24,1,85264.1583572344 
7,20,2,458.232312216632 
1,27,1,58326.4556597951 
7,21,2,956.326600456064 
5,25,1,87325.3502370217 
3,16,1,543589.375807295 
7,22,2,857.884093178493 
6,18,1,434438.674757389 
1,28,1,53982.3111290595 
7,23,2,595.714325772721 
5,26,1,91613.4717658208 
7,24,2,890.634398485622 
1,29,1,62482.5297637055 
3,17,1,558013.879746835 
7,25,2,785.330128592633 
6,19,1,403230.90938698 
5,27,1,102806.406752958 
7,26,2,954.051453939166 
1,30,1,61827.678451658 
7,27,2,804.839313888399 
5,28,1,76279.5762415296 
3,18,1,543210.034962632 
7,28,2,830.07497442889 
6,20,1,399218.659492024 
1,1,2,40406.1289092028 
7,29,2,782.838451631298 
5,29,1,66732.4996563913 
1,2,2,56503.9083662029 
7,30,2,914.075208817673 
6,21,1,407660.616256189 
3,19,1,536631.649476654 
5,30,1,73887.1321433289 
1,3,2,44547.8122696221 
1,4,2,60795.8365857437 
5,1,2,88474.5689284164 
6,22,1,430945.888689052 
3,20,1,584376.323043505 
1,5,2,56163.8514003028 
5,2,2,102973.872767357 
6,23,1,404043.625178397 
1,6,2,51007.9249476963 
3,21,1,543853.617664717 
5,3,2,85689.3868995608 
1,7,2,59505.8975022977 
6,24,1,405270.406266315 
5,4,2,102149.782909123 
3,22,1,474922.514730971 
1,8,2,61732.5629390594 
5,5,2,101209.77895746 
6,25,1,319683.68608791 
1,9,2,48354.253157255 
5,6,2,83995.721282525 
3,23,1,508449.818986429 
1,10,2,47822.2761024779 
6,26,1,407991.792534197 
5,7,2,88683.034747582 
1,11,2,48446.8708785896 
3,24,1,555035.679908794 
5,8,2,79949.1461008824 
6,27,1,383519.969580783 
1,12,2,59604.5282006561 
5,9,2,81272.1516661744 
1,13,2,47162.0628399606 
3,25,1,571572.196218123 
6,28,1,411076.618165273 
5,10,2,94742.0956986424 
1,14,2,54603.4645505934 
3,26,1,495064.945526385 
1,15,2,52021.3442942937 
5,11,2,100481.699419435 
6,29,1,389933.806568279 
1,16,2,54302.5995754879 
5,12,2,99396.6216445754 
3,27,1,570758.896850445 
6,30,1,417465.31891507 
1,17,2,50606.114525648 
5,13,2,107154.970506843 
1,18,2,55558.4062742451 
6,1,2,435267.954807965 
3,28,1,510340.015146804 
5,14,2,86593.2344701954 
1,19,2,52046.1618672243 
5,15,2,89435.1661244066 
6,2,2,358183.199172171 
1,20,2,50200.2070150695 
3,29,1,555514.436510644 
5,16,2,99367.9255903889 
1,21,2,57710.4052533739 
6,3,2,347455.335958973 
5,17,2,98856.7769392381 
3,30,1,607342.003213947 
1,22,2,62128.8668313266 
5,18,2,104308.307729936 
6,4,2,411296.716708262 
1,23,2,51111.8701416696 
3,1,2,542170.020158127 
5,19,2,83604.8801954611 
1,24,2,40249.4472731508 
6,5,2,371361.690816751 
5,20,2,85353.5086210572 
1,25,2,50158.6727874043 
3,2,2,546128.46127807 
6,6,2,358559.893135821 
1,26,2,52573.7155424695 
5,21,2,80288.1859339819 
3,3,2,461115.893111921 
1,27,2,59028.8997674137 
5,22,2,92312.808727386 
6,7,2,417821.83358849 
1,28,2,69601.4799202022 
5,23,2,96069.8066383847 
3,4,2,496023.526401909 
1,29,2,35624.8941726452 
6,8,2,408919.12357149 
5,24,2,91612.4886121515 
1,30,2,43744.1327316712 
5,25,2,84859.3687882762 
3,5,2,586886.496812161 
6,9,2,325450.72395679 
5,26,2,91281.2947628643 
3,6,2,606514.161018417 
6,10,2,394853.680179653 
5,27,2,94021.9980959347 
5,28,2,74952.5836966111 
6,11,2,344129.743352959 
3,7,2,553670.925259359 
5,29,2,82851.712728216 
6,12,2,445693.960638912 
3,8,2,503859.987826878 
5,30,2,75084.9540965427 
6,13,2,435332.964826075 
3,9,2,556235.862314459 
6,14,2,356671.232229167 
3,10,2,569014.239066542 
6,15,2,394304.822362068 
3,11,2,566728.476883694 
6,16,2,294840.471957804 
3,12,2,548151.816242032 
6,17,2,424400.028356598 
3,13,2,540347.929273446 
6,18,2,446052.426995986 
3,14,2,570593.780289784 
6,19,2,353449.151953981 
3,15,2,592444.985357621 
6,20,2,391964.001126846 
6,21,2,385021.913542643 
3,16,2,620129.607707445 
6,22,2,381963.208804131 
3,17,2,642578.487848292 
6,23,2,348953.608253929 
3,18,2,549857.293491837 
6,24,2,416366.739433392 
3,19,2,615889.878939331 
6,25,2,385582.150335898 
3,20,2,590907.987362291 
6,26,2,372399.852062605 
3,21,2,571271.151372886 
6,27,2,389268.854719285 
3,22,2,473949.983346268 
6,28,2,408766.613261727 
3,23,2,576634.970008729 
6,29,2,378287.300766823 
6,30,2,336210.400570332 
3,24,2,616144.015773317 
3,25,2,499553.617965279 
3,26,2,471282.66757398 
3,27,2,566491.651826477 
3,28,2,495696.46257896 
3,29,2,484101.945885155 
3,30,2,537138.658277113 
15,1,1,305.727543774915 
10,1,1,2055.00917908899 
12,1,1,4404.51096756239 
13,1,1,9609.95894321951 
8,1,1,21297.73741335 
15,2,1,322.731464590939 
10,2,1,1985.73489763916 
12,2,1,4211.46832889318 
15,3,1,290.57604508585 
11,1,1,240860.757451078 
13,2,1,13998.253455572 
9,1,1,538639.717512693 
8,2,1,26064.3301557373 
15,4,1,298.450922585789 
10,3,1,2595.46376854372 
14,1,1,669332.9453879 
12,3,1,3159.9746850398 
13,3,1,7308.28825670685 
15,5,1,278.237872380159 
10,4,1,2546.3075474449 
8,3,1,25465.6466740069 
12,4,1,4282.02601082165 
15,6,1,296.914165499857 
11,2,1,260681.601175656 
13,4,1,10337.8462756472 
10,5,1,2179.84768164999 
15,7,1,319.42872231038 
9,2,1,476210.166856318 
12,5,1,3524.96082994855 
8,4,1,23398.0718363029 
15,8,1,293.773411111902 
10,6,1,2221.74908494938 
13,5,1,6362.37029433664 
14,2,1,701081.213262204 
12,6,1,3825.9980771804 
15,9,1,330.452281050428 
11,3,1,254105.861791457 
10,7,1,1659.79158657633 
8,5,1,24978.3185828154 
13,6,1,8136.67898408582 
15,10,1,348.696345144862 
12,7,1,4080.18153429817 
9,3,1,489212.490524153 
10,8,1,2225.23003532358 
15,11,1,286.964001941303 
13,7,1,10895.9487198644 
8,6,1,22812.8422880653 
12,8,1,4653.63586952596 
15,12,1,405.935462241342 
11,4,1,301742.199470857 
10,9,1,3149.97345589673 
14,3,1,651153.182974501 
15,13,1,288.309205497807 
13,8,1,8784.17692177741 
12,9,1,4746.50002245325 
8,7,1,21930.4569355921 
10,10,1,2538.1189372454 
15,14,1,296.340834194058 
9,4,1,458393.511553873 
12,10,1,4090.42316838093 
13,9,1,10790.1569130933 
10,11,1,2305.42374361773 
15,15,1,289.531741647173 
11,5,1,308529.63385059 
8,8,1,21391.8903498573 
15,16,1,429.791835408776 
12,11,1,4137.51402647524 
10,12,1,2227.81923689886 
13,10,1,9534.21451268447 
14,4,1,646783.979985925 
15,17,1,290.634098636736 
8,9,1,25774.5994263493 
12,12,1,4781.1780779326 
10,13,1,2986.84112303698 
9,5,1,459391.394293668 
15,18,1,322.174862944128 
13,11,1,9176.03691112936 
11,6,1,328087.854944755 
15,19,1,287.308906579856 
10,14,1,2977.38346696698 
12,13,1,3884.59722869621 
8,10,1,29090.5765374411 
13,12,1,10462.2276610398 
15,20,1,257.81566668387 
10,15,1,2656.51065345055 
12,14,1,4389.07308459457 
14,5,1,684735.756457774 
15,21,1,331.263522222757 
9,6,1,478467.946038532 
8,11,1,34148.2851833119 
13,13,1,9776.45156880591 
11,7,1,201130.435342929 
10,16,1,2025.97793363991 
15,22,1,372.40957305914 
12,15,1,3002.66941663306 
13,14,1,8414.21490011579 
15,23,1,280.561612270148 
10,17,1,2931.32545226571 
8,12,1,29513.4088053318 
12,16,1,3958.85366004975 
15,24,1,363.741742635098 
11,8,1,287779.722531333 
10,18,1,1971.92516744931 
13,15,1,7363.26074610576 
9,7,1,452655.143686039 
12,17,1,3306.41341480837 
15,25,1,317.824319841376 
14,6,1,710194.506527962 
8,13,1,21758.1129822374 
10,19,1,2865.6722404262 
15,26,1,347.578732538031 
13,16,1,11263.2860906088 
12,18,1,4894.49127116204 
15,27,1,257.811595870082 
8,14,1,25479.0045259479 
10,20,1,2156.90877437113 
11,9,1,254443.917805521 
13,17,1,8159.91265515283 
12,19,1,4727.26245306736 
15,28,1,268.517924890343 
9,8,1,523204.57800807 
10,21,1,2237.5007612235 
15,29,1,322.72009974898 
8,15,1,22993.3332254803 
14,7,1,712623.579419627 
12,20,1,2679.84441446399 
13,18,1,6728.62838850826 
10,22,1,2549.11298026443 
15,30,1,299.01773380577 
11,10,1,272435.97942227 
12,21,1,4578.86770237065 
15,1,2,297.027786126052 
8,16,1,29428.4511820256 
13,19,1,10044.6009796215 
10,23,1,2557.97376900792 
9,9,1,485202.982759943 
15,2,2,328.827442343467 
12,22,1,4703.87798411949 
10,24,1,2835.6454543669 
13,20,1,9208.95328001705 
8,17,1,23364.7774627283 
15,3,2,247.076113633723 
14,8,1,707578.527317002 
11,11,1,294738.421825866 
12,23,1,4101.91355448193 
10,25,1,1485.82398034501 
15,4,2,351.591097899085 
13,21,1,9218.4293256775 
8,18,1,23133.1577088458 
15,5,2,299.715900292023 
12,24,1,3681.70355162623 
9,10,1,433279.189973948 
10,26,1,2269.97294104169 
13,22,1,11320.7964178861 
15,6,2,303.388130145076 
12,25,1,5003.23615716661 
11,12,1,230638.277033021 
10,27,1,2544.59703927693 
8,19,1,29984.5759558208 
15,7,2,296.313202655172 
14,9,1,725530.804818895 
13,23,1,8039.48257089891 
15,8,2,378.126837566952 
12,26,1,4188.1358092677 
10,28,1,2292.87731060449 
8,20,1,21099.7730145914 
9,11,1,537852.591890548 
15,9,2,269.107697532968 
13,24,1,10521.545959682 
10,29,1,2513.89571054915 
12,27,1,4592.93968228806 
11,13,1,271127.036538543 
15,10,2,357.822062888235 
8,21,1,27008.708230594 
10,30,1,2326.27003975564 
13,25,1,8919.37042560235 
12,28,1,4235.87222336582 
15,11,2,294.86685842139 
14,10,1,731545.200102089 
15,12,2,331.24503386959 
10,1,2,3057.56302083314 
12,29,1,3968.28372736492 
13,26,1,11159.130479208 
9,12,1,464021.58201736 
8,22,1,25294.6482114469 
11,14,1,242621.541883656 
15,13,2,307.218038026426 
10,2,2,2762.63915533329 
12,30,1,3281.31145117575 
15,14,2,300.302216073761 
13,27,1,9439.19493277172 
8,23,1,27884.9771451011 
10,3,2,2718.41996011003 
15,15,2,345.82962622989 
12,1,2,3227.9303322842 
13,28,1,7442.50591424994 
14,11,1,684756.502919246 
11,15,1,226530.639331232 
15,16,2,295.940610736271 
9,13,1,391486.259326557 
10,4,2,3280.14735759166 
8,24,1,30204.0465193607 
12,2,2,2784.46401101764 
15,17,2,349.966309448068 
13,29,1,6338.02925126401 
10,5,2,2932.50857837747 
15,18,2,290.136392024267 
12,3,2,4084.9736164436 
8,25,1,33319.5128539448 
11,16,1,272845.895945543 
10,6,2,2410.99991425147 
13,30,1,8195.28072330366 
15,19,2,328.979191134497 
9,14,1,498975.842378719 
12,4,2,4109.12133363989 
15,20,2,285.714601947632 
14,12,1,772103.116191318 
8,26,1,33233.9460418592 
10,7,2,2730.77962734885 
13,1,2,9703.00062287861 
15,21,2,342.116296152577 
12,5,2,3428.87897267706 
10,8,2,2770.02222286231 
11,17,1,281049.682986857 
15,22,2,344.608223447523 
8,27,1,34508.3879903741 
13,2,2,9749.61654870384 
12,6,2,3927.06614541014 
15,23,2,225.314935768167 
10,9,2,2783.32878143471 
9,15,1,482640.205904174 
13,3,2,10909.8758928373 
15,24,2,276.016073859491 
12,7,2,3918.27933278171 
8,28,1,28187.5796971047 
14,13,1,718483.239308958 
10,10,2,2502.20231082743 
11,18,1,276371.97558991 
15,25,2,325.364984037368 
12,8,2,4858.90208614421 
13,4,2,8862.85775673825 
10,11,2,2226.19288578634 
15,26,2,276.602141315903 
8,29,1,25288.1214920527 
9,16,1,455881.504803034 
12,9,2,4166.63895766148 
15,27,2,402.724231198332 
10,12,2,2711.37884070783 
13,5,2,10997.3179717802 
15,28,2,382.388249204194 
11,19,1,271913.197809232 
8,30,1,29007.3186060865 
14,14,1,802039.257897302 
12,10,2,3770.01817955211 
10,13,2,2680.26090883425 
13,6,2,10454.5216188766 
15,29,2,371.214266691694 
10,14,2,2994.58990462941 
12,11,2,4215.71875779913 
8,1,2,21088.8682304441 
15,30,2,266.326362651653 
9,17,1,433103.754165647 
13,7,2,9284.45394165754 
11,20,1,277005.291888401 
10,15,2,2677.01789762522 
12,12,2,4297.6544633273 
8,2,2,27844.4987744256 
13,8,2,10274.0639389579 
10,16,2,2469.40389865175 
14,15,1,780495.875018915 
12,13,2,3933.15160625659 
13,9,2,8241.54185028611 
8,3,2,29369.6938961783 
9,18,1,438975.808892552 
10,17,2,2722.03789394759 
11,21,1,266587.534187884 
12,14,2,5414.44153274749 
10,18,2,3165.4622101314 
13,10,2,10887.5022925017 
8,4,2,30882.5862874759 
12,15,2,4585.71418903397 
10,19,2,2835.74181901786 
14,16,1,739011.040797646 
13,11,2,8549.81261111846 
11,22,1,281208.818842873 
12,16,2,3982.97624485623 
9,19,1,515763.624358951 
8,5,2,35363.6459063566 
10,20,2,3180.72025095704 
13,12,2,9070.51552495592 
12,17,2,2847.36257646827 
10,21,2,2355.88888408229 
8,6,2,22853.5974784838 
12,18,2,3480.86491287135 
11,23,1,249630.083417406 
13,13,2,10444.3341070022 
10,22,2,2895.52014549738 
9,20,1,549130.033944366 
14,17,1,651848.669409708 
8,7,2,27870.7053083051 
12,19,2,5638.65277226423 
13,14,2,8629.69783636521 
10,23,2,2673.4197973625 
12,20,2,4319.98547192832 
11,24,1,281179.970886259 
8,8,2,25203.7370315022 
10,24,2,2187.0887703236 
13,15,2,8050.45704764389 
9,21,1,377190.76842771 
12,21,2,3900.8815899367 
10,25,2,3127.14892183699 
14,18,1,724895.21876339 
13,16,2,7097.65477131544 
8,9,2,22457.9985960826 
10,26,2,2636.86407987284 
12,22,2,4374.10323427481 
11,25,1,196192.843470996 
13,17,2,9633.47333731087 
8,10,2,23982.7769183104 
10,27,2,2872.88324556372 
12,23,2,5411.37396700635 
9,22,1,417348.17879246 
13,18,2,11137.5732349496 
10,28,2,1820.05260037637 
12,24,2,4867.45758893252 
14,19,1,693014.369415175 
8,11,2,21355.9143883611 
11,26,1,252096.281861651 
13,19,2,10643.8068647095 
10,29,2,2371.61763809354 
12,25,2,4315.570374123 
8,12,2,32334.4361255279 
10,30,2,2274.78743394473 
9,23,1,418029.907811402 
13,20,2,8294.02408417689 
12,26,2,3968.55079615188 
11,27,1,281422.38546544 
8,13,2,30396.4453761354 
13,21,2,6422.12662348987 
14,20,1,722264.718409561 
12,27,2,4051.79327419676 
12,28,2,3936.64948551017 
13,22,2,10117.8274330718 
8,14,2,29752.1715389078 
9,24,1,473709.372634506 
11,28,1,279476.783960908 
12,29,2,4604.96936466758 
13,23,2,8955.51722589613 
8,15,2,33375.3922781222 
14,21,1,666765.145836918 
12,30,2,4394.94017781508 
13,24,2,13135.9426955858 
11,29,1,257556.382528966 
9,25,1,437094.734992687 
8,16,2,29506.8680250355 
13,25,2,8491.61349035251 
8,17,2,28893.1559031245 
11,30,1,198331.954141851 
13,26,2,9284.77479259642 
14,22,1,675155.072789323 
9,26,1,410638.377021415 
8,18,2,20189.8227732523 
13,27,2,9301.23869423317 
11,1,2,272993.701886398 
8,19,2,21540.0425881075 
13,28,2,8347.4184302667 
14,23,1,685699.35740835 
9,27,1,436874.621568088 
13,29,2,8993.80399638878 
8,20,2,33930.3100014271 
11,2,2,259008.989650015 
13,30,2,6949.71536186906 
8,21,2,29012.1771870808 
9,28,1,505061.82336102 
14,24,1,778427.527289222 
8,22,2,29634.2458545241 
11,3,2,274562.595828603 
8,23,2,28026.7873902281 
9,29,1,499361.905310651 
11,4,2,270204.645874883 
8,24,2,34311.1751989001 
14,25,1,693993.914937938 
8,25,2,26463.5846169175 
11,5,2,294459.701243429 
9,30,1,480135.512913294 
8,26,2,29765.8179924384 
14,26,1,815591.144347356 
11,6,2,277953.284872888 
8,27,2,34267.2660341278 
9,1,2,551884.233854806 
8,28,2,27916.1795143181 
11,7,2,260907.685821441 
14,27,1,730222.99301687 
9,2,2,420999.576160762 
8,29,2,26145.4441515391 
11,8,2,235730.59498235 
8,30,2,31014.4296472149 
14,28,1,729866.707838121 
9,3,2,501452.871605936 
11,9,2,240303.047381565 
9,4,2,447821.410166972 
14,29,1,659856.006870061 
11,10,2,292497.541443011 
9,5,2,462849.76399375 
11,11,2,270575.36896263 
14,30,1,783174.534357502 
11,12,2,288871.464598567 
9,6,2,450792.077956898 
14,1,2,718922.489802229 
11,13,2,250084.86163777 
9,7,2,487129.19964178 
14,2,2,691503.884890918 
11,14,2,253953.977898408 
9,8,2,421444.346517955 
11,15,2,205576.786219374 
14,3,2,717625.598608162 
9,9,2,434962.449912167 
11,16,2,262722.031231792 
9,10,2,452220.547870732 
14,4,2,780855.678039489 
11,17,2,307476.546298791 
9,11,2,399188.020218487 
11,18,2,286327.156456889 
14,5,2,739053.554670339 
9,12,2,516934.425618487 
11,19,2,257955.926514652 
14,6,2,708049.012042816 
11,20,2,287652.480313444 
9,13,2,500642.133269283 
14,7,2,748714.631027394 
11,21,2,269161.528223867 
9,14,2,441150.901456113 
11,22,2,233757.547734492 
14,8,2,695637.107189072 
9,15,2,480646.723441011 
11,23,2,273121.578144991 
9,16,2,465101.004982458 
14,9,2,704032.515860753 
11,24,2,310897.780060586 
9,17,2,467509.194515682 
11,25,2,257494.265771287 
14,10,2,750739.264602334 
9,18,2,438354.911985345 
11,26,2,256717.485441223 
14,11,2,673243.821084494 
11,27,2,264489.626444628 
9,19,2,452575.693370826 
14,12,2,732292.099285626 
11,28,2,254155.705253755 
9,20,2,497377.635689568 
11,29,2,275950.450784499 
14,13,2,802801.664027806 
9,21,2,445308.04793041 
11,30,2,219159.024812901 
9,22,2,444539.465036013 
14,14,2,792074.086433298 
9,23,2,442491.772191357 
14,15,2,768345.663150111 
9,24,2,514015.174124128 
14,16,2,689055.097751015 
9,25,2,473117.481036482 
14,17,2,692259.617334363 
9,26,2,463995.256388766 
14,18,2,779283.534500038 
9,27,2,450108.643256363 
14,19,2,700181.278620678 
9,28,2,478854.272940581 
9,29,2,470806.891809562 
14,20,2,768174.690933946 
9,30,2,464771.852930757 
14,21,2,761965.110926268 
14,22,2,718075.488283876 
14,23,2,722919.36102234 
14,24,2,749132.514868933 
14,25,2,741062.255850134 
14,26,2,787108.116432163 
14,27,2,758811.949218752 
14,28,2,773466.974349653 
14,29,2,700724.006932029 
14,30,2,710397.41906894 
23,1,1,21.3567101178864 
19,1,1,504.154318952615 
22,1,1,688.944232109764 
23,2,1,23.9579459969299 
16,1,1,3468.72595891928 
23,3,1,17.4958771452941 
19,2,1,598.215884526014 
22,2,1,751.649890494805 
23,4,1,18.7921445654507 
17,1,1,209049.033956426 
16,2,1,3921.41318149173 
21,1,1,183540.832682704 
18,1,1,258412.8182553 
19,3,1,601.946236671717 
23,5,1,24.1616844443236 
22,3,1,843.581306333556 
20,1,1,490553.754850681 
23,6,1,17.1200573969735 
19,4,1,528.684065257629 
16,3,1,3916.16230893967 
22,4,1,992.481571404555 
23,7,1,18.6154414483626 
23,8,1,19.9934201303035 
17,2,1,155439.800476436 
19,5,1,516.308025376185 
22,5,1,779.641631215575 
21,2,1,211524.946100864 
16,4,1,3598.33416031615 
18,2,1,205557.481338398 
23,9,1,18.5417493420604 
19,6,1,530.950544076471 
23,10,1,15.5688673455944 
22,6,1,611.1540316016 
16,5,1,4803.75695176684 
23,11,1,23.5366301252778 
20,2,1,518533.087525858 
19,7,1,660.853618652957 
23,12,1,13.7656532768405 
22,7,1,702.831460780946 
17,3,1,198646.83440713 
23,13,1,34.0704786403588 
21,3,1,244446.020628821 
16,6,1,4620.47436391162 
19,8,1,548.870076583873 
18,3,1,185961.067589964 
22,8,1,757.668362846892 
23,14,1,21.7155599839454 
19,9,1,571.949078284699 
23,15,1,23.6278572736851 
16,7,1,3615.08082873088 
22,9,1,801.237784012671 
23,16,1,16.8509673595441 
17,4,1,163436.641570097 
20,3,1,496260.20094862 
19,10,1,509.180815609695 
23,17,1,23.6372068612889 
22,10,1,665.867019758691 
16,8,1,4861.85030294182 
21,4,1,234429.961405166 
18,4,1,241701.407645243 
23,18,1,20.7546144778367 
19,11,1,642.65841019551 
23,19,1,19.981859286781 
22,11,1,635.361786688767 
16,9,1,4114.28734289134 
19,12,1,590.894474417576 
23,20,1,17.9724930086072 
17,5,1,135505.783873337 
22,12,1,605.221060503102 
23,21,1,21.1641645193991 
19,13,1,658.102571036511 
21,5,1,197558.2208478 
16,10,1,3976.22576923377 
20,4,1,458838.025779769 
23,22,1,15.2230198273826 
18,5,1,236084.556334363 
22,13,1,749.598043094531 
23,23,1,24.8917955822047 
19,14,1,591.68543580639 
16,11,1,4042.84569131577 
23,24,1,25.5650973289025 
22,14,1,801.672262063496 
17,6,1,146073.124438721 
19,15,1,611.728006112818 
23,25,1,27.7489426249822 
21,6,1,194782.946464251 
23,26,1,22.0868989091271 
22,15,1,697.913846357305 
16,12,1,2861.70795100467 
19,16,1,536.557566544358 
18,6,1,211916.84976809 
23,27,1,19.2214548902939 
20,5,1,312013.830693483 
22,16,1,828.029745329035 
23,28,1,17.5730044733953 
19,17,1,546.755988291693 
16,13,1,4136.03256366878 
17,7,1,159207.817072789 
23,29,1,18.8504207923503 
22,17,1,633.771448263817 
19,18,1,665.86380887251 
23,30,1,21.7820388508977 
21,7,1,225142.511768147 
16,14,1,4343.20029381916 
18,7,1,233687.915115568 
23,1,2,26.5000123718528 
22,18,1,615.951063430099 
19,19,1,570.085487299744 
23,2,2,29.1549795965246 
20,6,1,449152.16126743 
16,15,1,3815.61063789482 
17,8,1,148793.806607321 
22,19,1,643.760701038292 
19,20,1,419.620660494636 
23,3,2,19.5173901056093 
23,4,2,24.6362984010966 
21,8,1,206562.024823317 
22,20,1,772.026909908239 
19,21,1,659.582035850073 
16,16,1,4372.32288860292 
23,5,2,20.1955492988231 
18,8,1,180330.267083128 
23,6,2,20.968582672858 
19,22,1,608.324885274023 
22,21,1,768.274989928769 
17,9,1,200291.595768842 
16,17,1,4821.19912748485 
23,7,2,21.2651247189439 
20,7,1,538337.978623875 
19,23,1,611.388764831197 
22,22,1,757.633671676206 
23,8,2,31.5073498329242 
21,9,1,222295.5378124 
16,18,1,3044.99896349664 
23,9,2,17.0939298149375 
18,9,1,230231.066667816 
19,24,1,605.059304813762 
22,23,1,786.322517533384 
23,10,2,20.9816868458565 
17,10,1,166211.987704628 
23,11,2,29.3189154494963 
19,25,1,488.356974703801 
16,19,1,4583.87628622508 
22,24,1,777.686348499642 
23,12,2,19.9256075292972 
19,26,1,459.857769258548 
21,10,1,175962.22564266 
23,13,2,26.0268338742612 
22,25,1,880.103608604893 
20,8,1,509747.814776031 
16,20,1,4354.83355222276 
18,10,1,219258.58578976 
23,14,2,18.0105894244875 
19,27,1,418.079597324729 
17,11,1,169692.816356224 
22,26,1,599.10830270614 
23,15,2,21.6701033837208 
16,21,1,4131.38680692872 
23,16,2,24.6873738604409 
19,28,1,673.395035367226 
22,27,1,832.779490703107 
23,17,2,35.1278469718991 
21,11,1,205656.158678796 
16,22,1,3823.35049813359 
19,29,1,578.979140138229 
23,18,2,26.2528457617731 
18,11,1,188214.371295191 
22,28,1,776.565566482861 
20,9,1,521912.546616701 
17,12,1,175569.261379314 
23,19,2,17.5108083597283 
19,30,1,496.265494156522 
16,23,1,3398.58197866851 
22,29,1,978.822181316393 
23,20,2,23.4389394440886 
19,1,2,627.317434463539 
23,21,2,22.6926750948492 
21,12,1,222025.276176049 
22,30,1,778.405649012989 
16,24,1,3151.5216795525 
23,22,2,23.4724356324229 
18,12,1,268852.335083754 
19,2,2,506.732495792648 
17,13,1,150127.111236527 
23,23,2,19.3190364927092 
22,1,2,613.165739820305 
23,24,2,21.5003609519364 
16,25,1,3793.63445526944 
20,10,1,509158.383058095 
19,3,2,571.627298060502 
23,25,2,21.7320325131612 
22,2,2,734.596776886124 
21,13,1,199975.167009141 
19,4,2,533.454300344915 
23,26,2,28.004816992573 
16,26,1,3831.59851818171 
18,13,1,243204.278284863 
22,3,2,907.08044510284 
23,27,2,21.6199212699972 
17,14,1,180853.090352628 
19,5,2,509.392627564759 
23,28,2,26.4253158913542 
16,27,1,3759.53972381051 
22,4,2,746.77843108583 
23,29,2,20.9296491107294 
19,6,2,510.39098109059 
20,11,1,540395.560186439 
21,14,1,221647.60899163 
23,30,2,21.2093611605977 
22,5,2,725.43270068377 
16,28,1,3797.42032669332 
19,7,2,579.780546557609 
17,15,1,170423.308701403 
18,14,1,225901.741410089 
22,6,2,840.765769365654 
19,8,2,436.143455616657 
16,29,1,3057.12849117562 
22,7,2,712.476507636985 
19,9,2,666.363295505634 
21,15,1,219955.713961975 
16,30,1,4035.35778577377 
20,12,1,501623.252047367 
17,16,1,171869.08474824 
22,8,2,654.002319522634 
18,15,1,251329.637324907 
19,10,2,764.115082320819 
16,1,2,2972.8078506008 
22,9,2,817.648418857338 
19,11,2,652.616976877776 
21,16,1,142663.672346722 
22,10,2,917.610377930546 
19,12,2,647.740726521035 
16,2,2,4563.79301683668 
17,17,1,147591.415290995 
18,16,1,212796.282989695 
20,13,1,534187.898319107 
22,11,2,752.98690511015 
19,13,2,699.83002379755 
16,3,2,3727.32969233159 
22,12,2,705.106345121204 
19,14,2,615.043577018247 
21,17,1,209245.893245538 
16,4,2,3764.15092083183 
17,18,1,180168.535702926 
22,13,2,722.000046169204 
19,15,2,513.361886482404 
18,17,1,249185.261322345 
16,5,2,4080.95410619001 
19,16,2,594.607516457181 
22,14,2,907.263504133278 
20,14,1,483587.760509857 
21,18,1,188997.33987894 
19,17,2,676.131072916289 
22,15,2,731.68154165775 
17,19,1,165566.261166907 
16,6,2,3977.42649642992 
18,18,1,216308.376064088 
19,18,2,560.58077078294 
22,16,2,641.104436406354 
16,7,2,4565.12961587255 
19,19,2,653.860489293325 
22,17,2,844.179136507336 
20,15,1,464898.143328158 
21,19,1,255826.804681322 
17,20,1,154327.034310938 
16,8,2,3861.22773732702 
19,20,2,613.907292990583 
22,18,2,901.291055632754 
18,19,1,258189.563959253 
19,21,2,491.087952330411 
16,9,2,4425.42306497268 
22,19,2,772.296650550001 
19,22,2,618.22352162712 
17,21,1,171542.90561895 
21,20,1,216573.865268574 
22,20,2,750.184090446133 
16,10,2,3896.18749602358 
20,16,1,547018.359873868 
19,23,2,605.452970338076 
18,20,1,202624.831923208 
22,21,2,736.904450458483 
16,11,2,4157.20837430932 
19,24,2,676.002330876347 
22,22,2,759.241860603955 
17,22,1,172414.616647379 
21,21,1,227945.766255476 
19,25,2,645.75714440728 
16,12,2,3953.90823658447 
22,23,2,782.178858557266 
18,21,1,214999.904549222 
20,17,1,505241.570576657 
19,26,2,551.584670563069 
16,13,2,3022.4378483126 
22,24,2,632.914368410329 
17,23,1,181290.590648085 
19,27,2,532.858304030667 
21,22,1,215907.383869702 
22,25,2,717.782702978195 
16,14,2,4206.08196818799 
19,28,2,575.75079954341 
18,22,1,231943.319872527 
22,26,2,664.836247315116 
16,15,2,3510.84256653067 
19,29,2,768.153074653867 
20,18,1,441579.156794258 
17,24,1,164170.101424023 
22,27,2,701.592117283793 
21,23,1,249091.637662629 
19,30,2,711.527609765301 
16,16,2,4012.60051317132 
22,28,2,741.829548073651 
18,23,1,259569.414714301 
16,17,2,3697.99750052064 
22,29,2,671.064940076299 
17,25,1,105336.861715403 
20,19,1,498386.737000339 
22,30,2,662.271840300808 
21,24,1,248844.791279691 
16,18,2,4202.44226351167 
18,24,1,204690.135815202 
16,19,2,4666.26625188877 
17,26,1,142789.42305287 
21,25,1,224666.339487492 
16,20,2,4545.8137142506 
20,20,1,496379.378275524 
18,25,1,272840.261157226 
16,21,2,3451.39839668179 
17,27,1,172997.68317917 
21,26,1,156562.379828245 
16,22,2,3623.17279188214 
18,26,1,220820.65658526 
20,21,1,515463.353352365 
17,28,1,160321.585302901 
16,23,2,3781.64284107145 
21,27,1,214493.64854638 
16,24,2,4666.57187354015 
18,27,1,254930.21845491 
17,29,1,186285.509740626 
16,25,2,4191.48045596909 
20,22,1,415264.257298836 
21,28,1,165251.019378742 
16,26,2,2686.26196186079 
18,28,1,206327.374313486 
17,30,1,184683.472657999 
16,27,2,3376.64179116145 
21,29,1,232703.969350264 
20,23,1,494603.341689774 
16,28,2,3394.34152405981 
17,1,2,196598.00662189 
18,29,1,219269.105992696 
16,29,2,4199.15266879472 
21,30,1,229655.964446537 
16,30,2,3858.58362724168 
20,24,1,526387.379280139 
17,2,2,164717.224452025 
18,30,1,216504.07030698 
21,1,2,205422.333555215 
17,3,2,118244.42010079 
18,1,2,192830.212855816 
20,25,1,472704.012812981 
21,2,2,202305.248706801 
17,4,2,195371.286856221 
18,2,2,249103.695196897 
20,26,1,499623.136036622 
21,3,2,240185.477274704 
17,5,2,170979.418367382 
18,3,2,151694.965859501 
21,4,2,203383.746902491 
20,27,1,429058.238037024 
17,6,2,185960.153553348 
18,4,2,235371.265476322 
21,5,2,234411.644187183 
17,7,2,204677.36128119 
20,28,1,464360.653479655 
18,5,2,221133.981660152 
21,6,2,220660.579206246 
17,8,2,157276.124305144 
20,29,1,493525.131314571 
18,6,2,200471.931984726 
21,7,2,209862.787873033 
17,9,2,166377.372520525 
18,7,2,262712.172287875 
20,30,1,556537.227282418 
17,10,2,128544.497254973 
21,8,2,206838.702095141 
18,8,2,249812.353682284 
17,11,2,182638.044652014 
21,9,2,228296.079574721 
20,1,2,538002.32190889 
18,9,2,220418.97900686 
17,12,2,116497.477134632 
21,10,2,234323.052717254 
20,2,2,507799.682358033 
18,10,2,268928.449860914 
17,13,2,149190.781033377 
21,11,2,235760.379319692 
20,3,2,469854.938323848 
18,11,2,232677.24280708 
17,14,2,159470.413464424 
21,12,2,226856.20071157 
17,15,2,194217.342285223 
18,12,2,243570.259711428 
21,13,2,222784.539233066 
20,4,2,564368.312001438 
17,16,2,165594.13659581 
18,13,2,186041.224231999 
21,14,2,214381.441435477 
20,5,2,495338.546519792 
17,17,2,180959.363650938 
18,14,2,228677.424124437 
21,15,2,222680.979889749 
17,18,2,162053.112573341 
20,6,2,470426.453848911 
18,15,2,213689.555605607 
21,16,2,233998.089002749 
17,19,2,142546.076531405 
20,7,2,526732.556452779 
18,16,2,224789.733664943 
21,17,2,207014.696334466 
17,20,2,162417.878845753 
18,17,2,165658.119867952 
21,18,2,215745.397093724 
20,8,2,491950.113413451 
17,21,2,168472.270915857 
18,18,2,250254.243154218 
21,19,2,230700.832765741 
20,9,2,494434.821948925 
17,22,2,172878.746741576 
18,19,2,264182.065226093 
21,20,2,245798.625267894 
17,23,2,168372.499323115 
20,10,2,474856.06258928 
18,20,2,234299.517450908 
21,21,2,210660.53251214 
17,24,2,191092.301945617 
20,11,2,514542.162997551 
18,21,2,243443.803409143 
21,22,2,209130.256286311 
17,25,2,200929.783008823 
21,23,2,183843.64595898 
18,22,2,222017.795141792 
20,12,2,463332.520965821 
17,26,2,138932.646415873 
21,24,2,188914.178951521 
18,23,2,219166.75522027 
17,27,2,193640.7224949 
20,13,2,511198.150361095 
21,25,2,201794.668280743 
18,24,2,247972.379086717 
17,28,2,182177.197213203 
20,14,2,513202.811355053 
21,26,2,210455.69451325 
17,29,2,179374.812492283 
18,25,2,237399.586620204 
21,27,2,179241.118056874 
17,30,2,177537.84669661 
20,15,2,491550.688340025 
18,26,2,245475.367587961 
21,28,2,234065.615584328 
18,27,2,246328.056303093 
20,16,2,485771.819327442 
21,29,2,206722.159558394 
18,28,2,251359.82145226 
20,17,2,494644.463961319 
21,30,2,195874.359048191 
18,29,2,200709.634788747 
20,18,2,480440.306470287 
18,30,2,260665.215015784 
20,19,2,508509.646937591 
20,20,2,498823.045373653 
20,21,2,596054.356685515 
20,22,2,500818.331080943 
20,23,2,489056.901139617 
20,24,2,536670.589051483 
20,25,2,444627.009662524 
20,26,2,541456.535634339 
20,27,2,508452.764967457 
20,28,2,538188.589990256 
20,29,2,532473.17969045 
20,30,2,510214.227789018 
29,1,1,5.28028478674554 
29,2,1,4.26244190543595 
24,1,1,1325.05793649992 
29,3,1,4.8632883168773 
31,1,1,18953.4535886143 
26,1,1,51848.3160586446 
29,4,1,5.5839044972488 
28,1,1,49935.4235136525 
24,2,1,1181.4983846571 
29,5,1,4.88837814695163 
30,1,1,330760.404552707 
29,6,1,4.09103795140815 
25,1,1,465607.983177926 
31,2,1,23722.6010169083 
29,7,1,3.451661115149 
24,3,1,1506.03030018678 
26,2,1,46535.1816469623 
27,1,1,801264.441029562 
28,2,1,56453.633796559 
29,8,1,4.22029805182062 
29,9,1,2.28957147055467 
24,4,1,872.433529706967 
29,10,1,5.78065608171925 
31,3,1,21511.7376537042 
29,11,1,3.37926638569 
26,3,1,42467.7393892766 
24,5,1,1178.01245910815 
28,3,1,46958.6766325019 
30,2,1,290050.389296504 
29,12,1,6.3525907635498 
29,13,1,4.30624329362329 
25,2,1,471198.137759494 
31,4,1,18092.2395828252 
24,6,1,1221.69838214538 
29,14,1,3.62579237833075 
26,4,1,38075.4713839343 
29,15,1,5.69399401397614 
27,2,1,719880.462942792 
28,4,1,47340.390685528 
29,16,1,7.73838043010229 
24,7,1,1064.02986142859 
29,17,1,6.18384531449636 
31,5,1,19501.4077106429 
30,3,1,324606.751146896 
29,18,1,4.06556822027789 
24,8,1,882.861886126677 
26,5,1,34559.9702854066 
29,19,1,5.23194374626315 
28,5,1,44619.0771531521 
25,3,1,449066.386387479 
29,20,1,5.26150827877482 
31,6,1,25323.1856342744 
24,9,1,1332.61211782772 
29,21,1,6.62836868427332 
29,22,1,4.21620153867427 
26,6,1,38062.1171228046 
29,23,1,3.61825186400692 
27,3,1,724075.416329015 
24,10,1,1526.21570382156 
28,6,1,50854.8110670666 
30,4,1,323324.202023871 
31,7,1,24436.972668593 
29,24,1,4.23956526568938 
29,25,1,0.217383526460815 
24,11,1,1240.15280289539 
29,26,1,4.76762951788638 
25,4,1,469257.642218254 
26,7,1,32720.0368429789 
29,27,1,4.64195715707207 
28,7,1,37243.6939348828 
31,8,1,17972.9995684523 
24,12,1,1417.36716945817 
29,28,1,3.46126317134858 
29,29,1,4.24305770912951 
30,5,1,353369.104092838 
29,30,1,17.2583041073275 
26,8,1,44479.648209888 
24,13,1,1336.87681346008 
31,9,1,16164.6366285729 
27,4,1,719990.95683153 
29,1,2,0.758604538893993 
28,8,1,49064.8322708361 
29,2,2,7.06690978334339 
24,14,1,1419.65976261629 
25,5,1,469343.35686439 
29,3,2,5.66331709612267 
26,9,1,46302.6352848208 
29,4,2,4.86498250588924 
31,10,1,19605.6692292349 
24,15,1,1413.2076858123 
28,9,1,53162.9132131922 
30,6,1,323136.079418745 
29,5,2,7.02376786477511 
29,6,2,6.8338237193935 
29,7,2,2.71540182824583 
24,16,1,1328.8997086243 
31,11,1,15431.7906532703 
26,10,1,36762.9437553748 
29,8,2,3.2823052626581 
28,10,1,32153.1965822212 
27,5,1,728051.030114516 
29,9,2,6.51220378033876 
25,6,1,352049.192521558 
24,17,1,895.394968837612 
29,10,2,5.84679164469623 
30,7,1,277041.768687643 
31,12,1,25205.2583344681 
29,11,2,5.7113657824578 
26,11,1,39377.4967342557 
24,18,1,1656.58140715294 
29,12,2,4.04052399658225 
28,11,1,57104.2975647784 
29,13,2,2.68120133172 
29,14,2,2.1219614486432 
24,19,1,1519.47603109623 
31,13,1,21129.4698940373 
29,15,2,3.44347866924979 
26,12,1,39406.7701911277 
25,7,1,440888.715278988 
29,16,2,4.73825635677234 
27,6,1,681232.7617659 
28,12,1,40339.9766751917 
24,20,1,1401.09158834275 
30,8,1,302600.465810791 
29,17,2,4.24092726333712 
31,14,1,30198.6386626476 
29,18,2,6.11693361676876 
24,21,1,1578.10473181669 
29,19,2,4.38874258758126 
26,13,1,30654.6138943888 
29,20,2,6.23947869179706 
28,13,1,56507.0846251369 
29,21,2,3.61699295927132 
24,22,1,1466.09079896712 
31,15,1,20814.4825418501 
29,22,2,2.96701962564975 
25,8,1,472165.287200631 
30,9,1,336691.909683869 
26,14,1,29648.0105009329 
29,23,2,5.19519855015705 
24,23,1,1283.76164571623 
29,24,2,3.66500868734843 
28,14,1,65756.3608016851 
27,7,1,669904.134370434 
31,16,1,21804.8784078192 
29,25,2,6.05245854566461 
24,24,1,1338.08139799283 
29,26,2,2.76004466449483 
26,15,1,42502.237272258 
29,27,2,4.3552515858512 
29,28,2,2.5296292954803 
31,17,1,22915.4502405035 
24,25,1,1480.01407263526 
28,15,1,44824.6855549677 
30,10,1,331813.228998921 
25,9,1,492424.541503019 
29,29,2,4.47300477855891 
29,30,2,3.55951422682854 
26,16,1,47808.2454887633 
24,26,1,1716.84198065937 
31,18,1,21353.8125885458 
27,8,1,733398.21741237 
28,16,1,48130.8506352563 
24,27,1,1350.33545649248 
26,17,1,41591.8781271511 
30,11,1,264314.360709113 
31,19,1,19603.2266953225 
24,28,1,1296.9727269186 
25,10,1,429027.569470474 
28,17,1,52679.0421502663 
24,29,1,1443.58880047595 
26,18,1,33358.0211425357 
31,20,1,25463.7155554098 
27,9,1,743836.382759107 
24,30,1,1080.98613112016 
28,18,1,51880.177822208 
30,12,1,301995.624760166 
26,19,1,42695.8814051451 
25,11,1,493159.996913557 
31,21,1,22824.1404569995 
24,1,2,1373.51774512979 
28,19,1,59990.7424373186 
24,2,2,1158.54611117499 
31,22,1,21947.2161006576 
26,20,1,37894.5236636179 
30,13,1,342420.030018548 
24,3,2,1214.48212741012 
27,10,1,727344.372763572 
28,20,1,50660.106011535 
25,12,1,446699.04885697 
31,23,1,27367.8202539169 
24,4,2,1317.97753361964 
26,21,1,40101.5017732253 
24,5,2,1245.95293808943 
28,21,1,45158.0244939895 
31,24,1,21980.3732559713 
30,14,1,274123.845897476 
26,22,1,44670.2788629314 
24,6,2,1275.19275876741 
25,13,1,469289.76004649 
27,11,1,723169.961250299 
31,25,1,19289.664981709 
28,22,1,39734.7469109338 
24,7,2,1285.41201090821 
26,23,1,31605.6648796196 
30,15,1,317739.96741482 
24,8,2,1318.54354243141 
31,26,1,20393.1871178862 
28,23,1,50935.1917608128 
26,24,1,41978.3268513694 
24,9,2,1228.69834153142 
25,14,1,440376.865250674 
31,27,1,17725.8301945116 
27,12,1,829493.579048486 
24,10,2,1698.24155463356 
28,24,1,48729.2829012461 
30,16,1,332488.108575059 
26,25,1,48602.434102037 
24,11,2,1164.75234422507 
31,28,1,23324.078567287 
28,25,1,48055.9304673311 
25,15,1,424428.718682245 
24,12,2,1378.66674520631 
26,26,1,35658.8526477375 
31,29,1,21333.0934379998 
30,17,1,257075.854367762 
24,13,2,1274.58619764817 
27,13,1,692679.420324676 
28,26,1,53504.6721682571 
26,27,1,28861.4574121772 
31,30,1,17758.7369269143 
24,14,2,1560.58339450222 
25,16,1,459873.670243943 
24,15,2,1670.90624697491 
28,27,1,53500.3617901129 
26,28,1,37986.0696779329 
30,18,1,329190.138487668 
31,1,2,18175.0213132433 
24,16,2,1313.18829252463 
27,14,1,734932.729601074 
28,28,1,52293.0705059172 
31,2,2,17960.2267249185 
24,17,2,1173.38094913356 
26,29,1,32021.3749820271 
25,17,1,429209.578236629 
30,19,1,314405.835921792 
24,18,2,1610.54412408128 
28,29,1,57848.4091282493 
31,3,2,20410.7881799024 
26,30,1,49118.7294111025 
24,19,2,1678.62554221382 
31,4,2,19341.5799319828 
24,20,2,1525.07757017085 
27,15,1,736486.435192365 
28,30,1,54118.3512695981 
26,1,2,45329.8265675283 
25,18,1,368299.276594272 
30,20,1,343719.569772758 
24,21,2,1324.44216036971 
31,5,2,18883.5790609557 
28,1,2,49455.6442201592 
26,2,2,38757.4468182954 
24,22,2,1551.25804891095 
31,6,2,21162.9859893417 
24,23,2,1372.61369376088 
30,21,1,319336.126781496 
25,19,1,394454.434122812 
28,2,2,41932.6613832894 
27,16,1,719476.772327151 
26,3,2,43057.9504583811 
24,24,2,1547.13762517875 
31,7,2,21472.2868817142 
24,25,2,1289.87706208817 
28,3,2,45262.9104039814 
26,4,2,42388.433176494 
30,22,1,312742.449571003 
24,26,2,1586.23413564351 
31,8,2,23303.8134601449 
25,20,1,472578.356121505 
24,27,2,1330.18703765487 
28,4,2,50071.0972197404 
26,5,2,37908.8418621897 
27,17,1,704612.673999908 
31,9,2,19542.54320434 
24,28,2,1525.09663167308 
30,23,1,302880.673299925 
26,6,2,39580.5658856459 
28,5,2,47532.6729970291 
24,29,2,1226.0724184944 
25,21,1,419097.465017793 
31,10,2,16687.106824112 
24,30,2,1619.93186463594 
26,7,2,34980.8898163172 
28,6,2,40378.848192888 
27,18,1,730145.929959298 
31,11,2,25301.6723964226 
30,24,1,286570.978465991 
25,22,1,383097.040157525 
26,8,2,42258.189635576 
31,12,2,20917.3670063205 
28,7,2,37684.1153112545 
31,13,2,23237.8258914265 
26,9,2,32907.0481660227 
30,25,1,261513.15023066 
28,8,2,45605.4017121196 
27,19,1,791356.253808942 
25,23,1,401826.309803634 
31,14,2,24990.0960711907 
26,10,2,30030.9905950807 
28,9,2,47066.2701789232 
30,26,1,298912.089678109 
31,15,2,20019.3488542617 
26,11,2,31819.8411906546 
28,10,2,52288.775203225 
25,24,1,384582.368341111 
27,20,1,787583.657893164 
31,16,2,18925.6653594094 
26,12,2,36857.4343883673 
30,27,1,304829.676677314 
28,11,2,47445.2658241215 
31,17,2,17655.233387884 
25,25,1,400680.475205112 
26,13,2,34083.6981539394 
28,12,2,56196.5181354898 
27,21,1,759424.377028946 
31,18,2,22076.5808689751 
30,28,1,308224.092246002 
26,14,2,41105.9266744322 
28,13,2,51654.947794933 
31,19,2,22085.0337776985 
25,26,1,409854.770363404 
26,15,2,38998.7021991956 
30,29,1,348742.475100064 
31,20,2,18543.2854529986 
28,14,2,41078.1001469555 
27,22,1,717599.984926521 
26,16,2,37614.461647256 
25,27,1,441601.731883317 
31,21,2,24679.5761002958 
28,15,2,47724.1868952129 
30,30,1,298757.033889615 
26,17,2,29048.1582140347 
31,22,2,20666.2552815307 
28,16,2,51306.5793259602 
27,23,1,639688.977785757 
25,28,1,423275.845629924 
26,18,2,38375.2341235537 
31,23,2,18669.3138043436 
30,1,2,296458.700064625 
28,17,2,32086.1051311329 
26,19,2,34240.3814597241 
31,24,2,20870.5137950547 
25,29,1,469290.474095739 
28,18,2,49130.9512711402 
27,24,1,746986.135734438 
31,25,2,19735.7323731041 
26,20,2,32752.1887342073 
30,2,2,313646.65316284 
28,19,2,49895.8212640214 
31,26,2,22562.9008632188 
26,21,2,25701.3948224239 
25,30,1,427779.931832118 
30,3,2,316888.724004993 
28,20,2,41451.0120386199 
27,25,1,777913.164510751 
31,27,2,19814.5476614794 
26,22,2,32812.3376066854 
31,28,2,22912.8933057958 
28,21,2,53624.3792408788 
26,23,2,40383.0343601968 
25,1,2,456937.288109001 
30,4,2,342633.608917422 
31,29,2,12995.6091946799 
28,22,2,48150.1388174106 
26,24,2,44622.2701611306 
27,26,1,815432.225869326 
31,30,2,21159.7690725155 
25,2,2,437012.517686478 
28,23,2,48562.0847503473 
26,25,2,41642.7746719329 
30,5,2,336942.669032865 
26,26,2,39637.7367099599 
28,24,2,41126.49519432 
27,27,1,727939.779994906 
25,3,2,484570.847432274 
30,6,2,318589.846233598 
26,27,2,42515.4873940625 
28,25,2,52340.3722206568 
26,28,2,50618.2959729254 
28,26,2,47958.3304794234 
30,7,2,234587.450428415 
25,4,2,438317.238023915 
27,28,1,808230.789536683 
26,29,2,37124.8256942376 
28,27,2,46376.7254933653 
30,8,2,342476.976042029 
26,30,2,33779.6188534567 
25,5,2,431058.30245156 
28,28,2,45338.3170027673 
27,29,1,728054.565687171 
28,29,2,49409.2734030241 
30,9,2,321998.740525164 
25,6,2,434417.189833429 
28,30,2,47366.6636484819 
27,30,1,747234.610858585 
30,10,2,319145.954636808 
25,7,2,500557.26961829 
27,1,2,789658.959680193 
30,11,2,317465.527781421 
25,8,2,473467.634413475 
30,12,2,331084.07073754 
27,2,2,743700.055851448 
25,9,2,419986.778681012 
30,13,2,320523.075620865 
25,10,2,451266.14374989 
27,3,2,768223.959151044 
30,14,2,336583.899265054 
25,11,2,505252.392769044 
27,4,2,700651.825464648 
30,15,2,286963.201467399 
25,12,2,470638.421517438 
30,16,2,299349.538491809 
27,5,2,727549.093181534 
25,13,2,412289.373296865 
30,17,2,308545.466611907 
27,6,2,699824.756666706 
25,14,2,423226.435778491 
30,18,2,266470.278567985 
27,7,2,750282.326216935 
25,15,2,337387.962407161 
30,19,2,304991.238220194 
30,20,2,330835.085912531 
25,16,2,407137.393716129 
27,8,2,700402.857854228 
30,21,2,329638.716964854 
25,17,2,473451.899609669 
27,9,2,832577.3571812 
30,22,2,283142.812704134 
25,18,2,442180.645647551 
27,10,2,724674.021623621 
30,23,2,341527.26093636 
25,19,2,472985.317708344 
30,24,2,383608.984450123 
27,11,2,646495.028060097 
25,20,2,449637.403345329 
30,25,2,363920.155041286 
27,12,2,832439.508681365 
25,21,2,405289.047300752 
30,26,2,357845.293882265 
25,22,2,488608.131418945 
27,13,2,787678.233308308 
30,27,2,304394.370615684 
25,23,2,437910.906203018 
30,28,2,356625.852037446 
27,14,2,725763.710024927 
25,24,2,444185.242027101 
30,29,2,308949.225131652 
27,15,2,792372.351216918 
30,30,2,347713.911601141 
25,25,2,468453.364689314 
27,16,2,684134.269978183 
25,26,2,372465.698388723 
27,17,2,694534.941216242 
25,27,2,447748.218963486 
27,18,2,704221.615627687 
25,28,2,427438.846438903 
25,29,2,428966.72601763 
27,19,2,717143.13951957 
25,30,2,464464.062612091 
27,20,2,831812.966166919 
27,21,2,730517.47217674 
27,22,2,799318.143281214 
27,23,2,751399.038235924 
27,24,2,785657.425449071 
27,25,2,648580.208890175 
27,26,2,724948.677981772 
27,27,2,789749.561716167 
27,28,2,734232.786839697 
27,29,2,679419.234716138 
27,30,2,774007.457115558 
39,1,1,0.0520557935015204 
35,1,1,3.12313085929787 
38,1,1,0.0221667617510306 
39,2,1,2.33730920838327 
35,2,1,0.0301526282829659 
38,2,1,0.00484689053542988 
39,3,1,0.497483465513485 
35,3,1,0.00455099668370391 
38,3,1,0.256643804927793 
39,4,1,0.380239599869476 
35,4,1,0.939760422692129 
38,4,1,0.136932424697069 
37,1,1,10993.7640984005 
39,5,1,0.464276875340046 
35,5,1,0.47152883241559 
36,1,1,44598.8640570057 
38,5,1,0.61235223786274 
39,6,1,0.25829263620677 
34,1,1,116317.158875689 
35,6,1,3.18534123878835 
38,6,1,7.86753994568186 
39,7,1,33.5490703995987 
35,7,1,13.6641384355109 
38,7,1,4.63413740017519 
39,8,1,0.322807893958047 
35,8,1,1.27554182577348 
33,1,1,395363.839126686 
38,8,1,0.00969240454825503 
39,9,1,5.75980831437441 
32,1,1,380583.718803386 
37,2,1,15313.1022986285 
35,9,1,1.13522079201936 
39,10,1,1.70739740360092 
38,9,1,0.00376113623354088 
35,10,1,0.174453898434163 
36,2,1,43477.2490845773 
39,11,1,0.0370057068015483 
38,10,1,0.0120767992865656 
35,11,1,0.550588896328383 
39,12,1,33.0488530293818 
38,11,1,0.79279080940706 
34,2,1,88080.3602132745 
35,12,1,0.262513350643765 
39,13,1,0.0872014144017649 
38,12,1,0.995115490600588 
37,3,1,16498.1464943991 
35,13,1,0.846973720487757 
39,14,1,0.318254958648018 
38,13,1,0.0686664957551199 
35,14,1,3.16986550230388 
39,15,1,0.930184025716407 
38,14,1,0.00358407295172011 
39,16,1,2.5653126446222 
35,15,1,0.657938651385186 
36,3,1,41538.7391699612 
38,15,1,0.00430116135374366 
39,17,1,2.1414579363962 
35,16,1,5.28107439760117 
33,2,1,380949.951772372 
38,16,1,0.0970755109083526 
39,18,1,3.19153744192602 
32,2,1,406205.34643886 
35,17,1,4.39672983945482 
37,4,1,15539.2563320034 
34,3,1,95757.1830388652 
38,17,1,0.506616200172573 
39,19,1,8.33951450033307 
35,18,1,5.21859384813155 
39,20,1,7.49901184929791 
38,18,1,1.49874224137789 
35,19,1,4.35076878585519 
39,21,1,0.0713969836634136 
38,19,1,0.00316349757843939 
35,20,1,14.175909135074 
36,4,1,42121.4155939908 
39,22,1,28.2161519376536 
38,20,1,0.320069530025822 
35,21,1,0.0405070514155676 
37,5,1,12851.3917023667 
39,23,1,0.806020034941248 
38,21,1,0.17462148610846 
35,22,1,0.0477631871893235 
39,24,1,7.94642562797999 
35,23,1,0.260070649111046 
38,22,1,0.0283477902414866 
39,25,1,0.0470624616615944 
34,4,1,90568.349403631 
35,24,1,0.81206654379347 
38,23,1,0.00398177158914731 
39,26,1,0.423645497194411 
33,3,1,312099.37909506 
35,25,1,14.6122165238093 
38,24,1,7.60809817791604 
39,27,1,0.280064596853149 
32,3,1,392807.375004364 
37,6,1,18507.8752241419 
36,5,1,48176.6157979335 
35,26,1,0.536069250300794 
38,25,1,0.252187183413851 
39,28,1,0.507704311768635 
35,27,1,3.16116307447892 
39,29,1,1.07538114997746 
38,26,1,0.053982309812859 
35,28,1,2.60798508822728 
39,30,1,0.254855708228061 
38,27,1,1.58093167074076 
35,29,1,0.021849065369775 
39,1,2,7.93392516827076 
38,28,1,0.000967376089047548 
34,5,1,116008.56013458 
35,30,1,0.240262759089115 
39,2,2,0.465005441565941 
37,7,1,14368.7757311547 
38,29,1,0.138378139835587 
36,6,1,52622.7598939777 
39,3,2,12.9646431181717 
35,1,2,0.0550343928208678 
38,30,1,0.442130778118557 
39,4,2,17.5921951658059 
35,2,2,1.80932867504334 
38,1,2,6.81018318662919 
39,5,2,0.0258673907212288 
33,4,1,428319.418839965 
35,3,2,1.70558590495208 
38,2,2,0.0586749137381275 
32,4,1,316011.178808373 
39,6,2,0.527427715333176 
35,4,2,0.830428958251342 
37,8,1,17053.9555089367 
38,3,2,5.39282641006528 
39,7,2,0.017499481328544 
35,5,2,0.126153770581968 
34,6,1,99893.4562672213 
38,4,2,0.164030407431519 
39,8,2,0.289485958534788 
35,6,2,0.0584925594509567 
36,7,1,43102.1317450782 
39,9,2,1.59921605079821 
38,5,2,1.19393904409198 
35,7,2,0.848407649010769 
39,10,2,2.45599167768752 
38,6,2,0.0437358478123833 
35,8,2,0.129367899838664 
39,11,2,7.16140207009374 
37,9,1,10239.3198662318 
38,7,2,0.00326607809929737 
35,9,2,23.9804359420026 
39,12,2,1.43365387342689 
38,8,2,0.594210810052859 
35,10,2,9.4452828312135 
39,13,2,0.317405915371084 
38,9,2,0.317670925573563 
35,11,2,0.387921835356446 
34,7,1,79946.5197851429 
33,5,1,366814.030371843 
36,8,1,39632.3162993408 
39,14,2,0.15556656424781 
38,10,2,0.00234478093665468 
35,12,2,0.0446609715309301 
32,5,1,380356.758989404 
39,15,2,0.110014106744088 
38,11,2,23.6371890677085 
35,13,2,0.386684672542989 
37,10,1,14296.8787304163 
39,16,2,3.19877726268616 
38,12,2,0.825510547022373 
35,14,2,0.101403007728448 
39,17,2,0.221238765212896 
38,13,2,0.0143707225917457 
35,15,2,14.3392775315474 
39,18,2,4.89041263502383 
35,16,2,0.22960406383381 
38,14,2,0.410968878848058 
39,19,2,2.43990774675301 
36,9,1,44562.6033039113 
34,8,1,98318.3912414282 
39,20,2,4.67793529408968 
35,17,2,0.65350910854731 
38,15,2,12.601304017259 
37,11,1,13130.7455784969 
39,21,2,5.915653440884 
35,18,2,10.4437336858705 
38,16,2,0.953594563659928 
39,22,2,0.0889035969507846 
35,19,2,0.104081369672209 
38,17,2,0.0583450433184743 
33,6,1,402816.776466849 
39,23,2,1.2318293955612 
35,20,2,0.0836766321436389 
38,18,2,0.0405788548438417 
32,6,1,423826.932764595 
39,24,2,3.52965480288719 
35,21,2,2.59892564292957 
38,19,2,0.0755712856834461 
36,10,1,50282.4148445534 
39,25,2,0.230947754536279 
37,12,1,14009.7078540753 
35,22,2,0.29928937194568 
38,20,2,2.60966152014107 
39,26,2,0.53691429414923 
34,9,1,108988.994054125 
35,23,2,0.23674700028734 
38,21,2,6.8014676045894 
39,27,2,7.87691041194632 
35,24,2,29.3418529652398 
38,22,2,0.438491116602635 
39,28,2,0.270717213700629 
35,25,2,0.00376606461515696 
38,23,2,0.467330484611761 
39,29,2,0.177367428508936 
37,13,1,15406.5514978276 
35,26,2,3.43907106003605 
39,30,2,0.642672247953362 
38,24,2,3.94536576623741 
36,11,1,52119.6249184309 
35,27,2,0.00849499949875723 
38,25,2,0.00308986472761771 
33,7,1,343738.662951969 
35,28,2,5.94337887105367 
38,26,2,0.42680744428551 
34,10,1,112234.542199601 
35,29,2,1.06874333088448 
32,7,1,473148.918092478 
38,27,2,0.0623843312413513 
35,30,2,0.0903235083858491 
37,14,1,17353.6972766471 
38,28,2,0.950089537091517 
38,29,2,0.00106436490264611 
36,12,1,40806.0322701888 
38,30,2,0.19635844122035 
34,11,1,87021.3973414154 
37,15,1,11925.334453924 
33,8,1,369816.771592224 
36,13,1,44230.7287098532 
32,8,1,383985.419215136 
37,16,1,13543.5797436907 
34,12,1,98791.8325900689 
36,14,1,46298.6850514079 
37,17,1,12791.799552589 
33,9,1,350528.121034079 
32,9,1,378254.668465761 
34,13,1,89543.8131207772 
36,15,1,46573.4524461631 
37,18,1,14483.2510838553 
37,19,1,13183.2780511387 
33,10,1,390627.955252867 
34,14,1,70067.9411235596 
36,16,1,41733.8790288448 
32,10,1,419124.703712853 
37,20,1,13877.8299858765 
36,17,1,48034.901473181 
34,15,1,88588.964784635 
33,11,1,364660.036495443 
37,21,1,13668.0045846657 
36,18,1,38712.0105106755 
32,11,1,331734.438994839 
34,16,1,108300.688759596 
37,22,1,14168.621056304 
36,19,1,36700.2400184221 
33,12,1,336576.529540003 
37,23,1,14165.8251094045 
34,17,1,92314.4357914637 
32,12,1,377117.625496478 
36,20,1,50725.3665561985 
37,24,1,17672.3516677475 
34,18,1,109878.089935363 
33,13,1,370683.100863602 
37,25,1,17346.8580805564 
36,21,1,36809.3893491488 
32,13,1,433695.958223767 
37,26,1,13408.163195996 
34,19,1,96262.8272068136 
36,22,1,48429.8599409785 
33,14,1,387937.815995664 
37,27,1,14849.2129861839 
34,20,1,95232.7162500477 
32,14,1,398250.615066439 
36,23,1,42913.685007868 
37,28,1,13455.4062831787 
33,15,1,319983.260091928 
36,24,1,52258.5001058402 
34,21,1,79270.3229191139 
37,29,1,15398.2203373738 
32,15,1,451127.730125344 
36,25,1,41273.0678361038 
37,30,1,15674.3313989382 
34,22,1,97246.5758871675 
33,16,1,354683.126423404 
37,1,2,15831.9302807814 
36,26,1,44109.153509675 
32,16,1,383177.891461448 
34,23,1,94597.3100869171 
37,2,2,14743.4058830891 
36,27,1,58374.4264716385 
33,17,1,384437.064328522 
34,24,1,90016.5836792217 
37,3,2,14093.1406061295 
32,17,1,346639.363273609 
36,28,1,25305.8009123705 
37,4,2,11204.6900566535 
34,25,1,97627.2950339011 
33,18,1,290683.470840394 
36,29,1,54505.8189316323 
37,5,2,13308.8165653428 
32,18,1,445808.259910111 
34,26,1,100908.711606866 
36,30,1,38578.8176304815 
37,6,2,15094.3909933574 
33,19,1,314298.924076585 
37,7,2,13440.3758253989 
34,27,1,97385.6855272258 
36,1,2,42862.1400988039 
32,19,1,411796.962499712 
37,8,2,14466.4943451621 
33,20,1,353629.030606013 
36,2,2,40751.2142537985 
34,28,1,104268.568769284 
37,9,2,10401.8162834818 
32,20,1,436348.39529031 
36,3,2,53143.7329290253 
34,29,1,103279.410405738 
37,10,2,13136.9196204583 
33,21,1,314518.529083822 
36,4,2,42215.4485081877 
37,11,2,10022.4845352969 
34,30,1,94037.3991255064 
32,21,1,374326.540238277 
36,5,2,46415.8010074966 
37,12,2,14197.3443193102 
33,22,1,340095.376490918 
34,1,2,114136.297159314 
37,13,2,14689.73479719 
36,6,2,56282.929151802 
32,22,1,393379.883907781 
37,14,2,14344.7351156301 
34,2,2,107359.115237366 
33,23,1,378218.901848929 
36,7,2,40736.7531294282 
37,15,2,13857.876109378 
32,23,1,358165.738737755 
34,3,2,95836.0785999127 
36,8,2,30626.5357722311 
37,16,2,15200.0092826248 
33,24,1,349502.607418598 
36,9,2,47771.5380263777 
34,4,2,91458.5349516252 
37,17,2,13931.1953380685 
32,24,1,324389.102193037 
36,10,2,41588.433680319 
33,25,1,356661.242377889 
37,18,2,11615.3171434829 
34,5,2,92053.8944851765 
37,19,2,16623.8950367934 
36,11,2,48043.4396289024 
32,25,1,407321.984057052 
34,6,2,95414.9649304629 
33,26,1,347239.718997187 
37,20,2,16381.4886999088 
36,12,2,47444.336244831 
37,21,2,13063.1216046822 
34,7,2,100922.247091628 
32,26,1,396931.147431617 
36,13,2,43743.4351581546 
33,27,1,393897.405987693 
37,22,2,14645.1638784914 
34,8,2,92948.2322116932 
36,14,2,48005.6175564876 
37,23,2,15242.9635880781 
32,27,1,399081.844365954 
33,28,1,371928.444907902 
34,9,2,75268.9299608498 
36,15,2,39658.5778599968 
37,24,2,11463.9183350756 
37,25,2,13920.6737054483 
36,16,2,36295.03033769 
32,28,1,440224.599153377 
34,10,2,90300.3340011535 
33,29,1,382598.183319782 
37,26,2,17186.1822919784 
36,17,2,46535.2505896627 
34,11,2,99349.7283755685 
37,27,2,16542.2135009701 
32,29,1,384939.996734901 
36,18,2,52018.3457222644 
33,30,1,352252.700366841 
34,12,2,86981.3999281278 
37,28,2,13119.7097716668 
36,19,2,45022.394665463 
37,29,2,15190.8747424797 
32,30,1,366814.407174126 
34,13,2,114724.904956048 
33,1,2,382620.049542633 
36,20,2,47928.8056037501 
37,30,2,11980.6836853847 
34,14,2,95959.4599254684 
32,1,2,415379.639116212 
36,21,2,28979.2764803963 
33,2,2,327152.10583394 
34,15,2,87597.3488383322 
36,22,2,39129.1104197707 
32,2,2,387066.497633857 
33,3,2,353202.452935671 
34,16,2,87566.3277029924 
36,23,2,36105.6629669985 
36,24,2,41306.8198644283 
34,17,2,88253.1818259764 
32,3,2,403078.331491042 
33,4,2,355431.449182391 
36,25,2,43920.0849150588 
34,18,2,119849.887676208 
32,4,2,371242.419329858 
36,26,2,44712.7465317485 
33,5,2,425005.823610865 
34,19,2,92141.3085400863 
36,27,2,39396.9040085437 
32,5,2,392337.795216011 
34,20,2,82249.1174470015 
33,6,2,380597.776947393 
36,28,2,44064.1546748685 
34,21,2,105108.751122625 
36,29,2,37145.6061472596 
32,6,2,435790.335108703 
33,7,2,343900.663087079 
34,22,2,99028.7370710046 
36,30,2,50042.9914241573 
33,8,2,361108.569179409 
32,7,2,399510.460935782 
34,23,2,88205.7224792668 
34,24,2,106044.088432483 
33,9,2,313528.277358348 
32,8,2,420333.133676389 
34,25,2,95085.1011569691 
33,10,2,338398.963634076 
32,9,2,400138.260332156 
34,26,2,98398.1575785991 
33,11,2,335950.845237889 
34,27,2,93414.5575179037 
32,10,2,388172.662165576 
34,28,2,104132.493179984 
33,12,2,354332.707763879 
32,11,2,374879.086295021 
34,29,2,94956.0180439315 
33,13,2,366093.617805325 
32,12,2,418643.12738209 
34,30,2,118339.097549436 
33,14,2,364157.368408793 
32,13,2,423373.087476921 
33,15,2,332852.418535471 
32,14,2,391770.886428999 
33,16,2,353353.272047124 
32,15,2,366770.834381217 
33,17,2,376448.210439334 
32,16,2,378391.526527235 
33,18,2,365468.398574084 
32,17,2,373074.797724089 
33,19,2,370605.34253061 
32,18,2,366453.377359681 
33,20,2,376302.119160598 
32,19,2,465804.309209521 
33,21,2,396147.897996795 
32,20,2,380856.172881115 
33,22,2,346596.354298717 
32,21,2,378954.084312233 
33,23,2,338180.353597153 
32,22,2,353675.098055723 
33,24,2,272186.476149456 
32,23,2,393888.777951506 
33,25,2,409121.597303976 
32,24,2,369626.018457446 
33,26,2,340020.9620741 
32,25,2,359858.28991509 
33,27,2,366574.132632382 
32,26,2,346628.474078972 
33,28,2,356445.219757446 
32,27,2,443780.544629082 
33,29,2,297606.521295676 
32,28,2,438501.85493073 
33,30,2,337821.449147721 
32,29,2,385566.84762327 
32,30,2,460680.795342046 
47,1,1,1.7486485352936 
46,1,1,34.4214662739028 
47,2,1,3.64384047428977 
41,1,1,2096.50224719104 
46,2,1,28.9634409893465 
47,3,1,7.71657477141945 
44,1,1,34806.2699336033 
47,4,1,2.79897113487607 
46,3,1,36.7459421064455 
40,1,1,64169.7691868694 
47,5,1,2.31414846246841 
41,2,1,2299.5444061183 
46,4,1,31.0298568919493 
43,1,1,317254.15543584 
47,6,1,4.17317196708443 
46,5,1,23.1795058940562 
47,7,1,1.65644069878672 
45,1,1,569673.851195899 
41,3,1,2048.59690108159 
44,2,1,37721.5194691879 
42,1,1,667190.825671297 
47,8,1,2.9583480287602 
46,6,1,35.0775735456513 
40,2,1,63364.7829174984 
47,9,1,3.05632385743058 
46,7,1,21.1388281861574 
47,10,1,3.52832571797189 
41,4,1,2396.24517493032 
47,11,1,3.10739372877515 
46,8,1,36.0696777672561 
44,3,1,31684.7944530932 
47,12,1,2.06561762916559 
43,2,1,275171.807545916 
46,9,1,32.6024012252244 
41,5,1,2015.98656666282 
47,13,1,4.52433339139662 
40,3,1,61737.9749212912 
46,10,1,31.2754985421735 
47,14,1,1.66469228338641 
45,2,1,541306.139276547 
47,15,1,3.95681864800323 
46,11,1,24.4315390921281 
41,6,1,1731.19097285943 
42,2,1,645125.012832884 
44,4,1,29115.3196649502 
47,16,1,2.21727191443376 
46,12,1,27.364849078213 
47,17,1,2.81379538826068 
40,4,1,61730.4362426396 
41,7,1,1788.50420888936 
46,13,1,36.1971429651991 
47,18,1,2.5614937841634 
43,3,1,268893.368902898 
47,19,1,3.83019414147202 
46,14,1,31.744076492664 
44,5,1,42542.8757924123 
47,20,1,2.28481504476328 
41,8,1,1862.69519643121 
46,15,1,40.9881427186018 
47,21,1,3.83505862214725 
45,3,1,373589.03301702 
40,5,1,72372.0872156421 
47,22,1,2.87265634273274 
46,16,1,30.9444451019443 
41,9,1,2419.89488833831 
47,23,1,1.59543586267075 
42,3,1,605563.154703203 
46,17,1,31.6644239086316 
44,6,1,44853.0829344422 
47,24,1,1.6971524161224 
43,4,1,337477.428904753 
47,25,1,3.9634104561587 
46,18,1,31.3383113677693 
41,10,1,1869.1285389297 
47,26,1,4.12740239862242 
40,6,1,59955.0763976767 
46,19,1,30.7343245707631 
47,27,1,3.04029133288348 
44,7,1,29240.709959844 
46,20,1,24.7180109873731 
47,28,1,2.58249968956541 
41,11,1,1766.90214447027 
45,4,1,563041.653625722 
47,29,1,1.62819501825608 
46,21,1,31.3437442315162 
47,30,1,2.08569569824384 
46,22,1,25.0256905090468 
40,7,1,73476.7398798941 
43,5,1,316946.68995236 
41,12,1,2006.96987063689 
47,1,2,2.11288751487502 
42,4,1,624397.671498022 
44,8,1,34160.300342417 
46,23,1,25.9374815264331 
47,2,2,3.72076186089851 
47,3,2,3.34668103334035 
41,13,1,1738.86707678931 
46,24,1,36.2814048481284 
47,4,2,2.53625740262178 
46,25,1,35.4812686719947 
40,8,1,60762.5203601847 
47,5,2,4.81428138273214 
44,9,1,35845.3522085994 
41,14,1,2113.77601866447 
45,5,1,581530.144092035 
47,6,2,2.65842535116192 
46,26,1,31.2627155966478 
43,6,1,272693.927376115 
47,7,2,5.39423642434887 
46,27,1,37.4707604058844 
47,8,2,2.24899934772573 
41,15,1,1813.71505132086 
46,28,1,39.4895899613186 
42,5,1,600665.15073856 
47,9,2,2.1900040972069 
40,9,1,66341.661870841 
44,10,1,37448.3081772071 
47,10,2,3.21150709608736 
46,29,1,28.3391864877619 
41,16,1,1849.37379104702 
47,11,2,2.31091416658887 
46,30,1,34.7647874755659 
47,12,2,5.99840473442916 
43,7,1,306480.683651143 
46,1,2,30.200284470937 
47,13,2,37.778676806468 
45,6,1,484102.234282382 
41,17,1,2166.15770353118 
44,11,1,41801.8863978004 
40,10,1,71336.8099767854 
47,14,2,1.92639956269302 
46,2,2,36.7756139928897 
47,15,2,1.55710576164036 
46,3,2,44.5112726375566 
47,16,2,4.2906199903679 
41,18,1,1892.68440346358 
42,6,1,634814.211407098 
47,17,2,3.29098351111292 
46,4,2,30.4572465525154 
44,12,1,31911.4198637334 
40,11,1,75137.6667816661 
47,18,2,2.53945612110742 
46,5,2,28.3569461256385 
41,19,1,1753.45653067193 
43,8,1,312917.13462574 
47,19,2,2.72153109558763 
46,6,2,29.1691524022916 
47,20,2,2.13631107488886 
45,7,1,548909.392916829 
47,21,2,1.95083414958897 
41,20,1,2048.77336481658 
46,7,2,24.9353015308372 
44,13,1,27410.3281656372 
47,22,2,5.50118447151555 
40,12,1,69588.6536529956 
46,8,2,29.1506293243902 
47,23,2,2.94308456376998 
41,21,1,1715.92162171518 
47,24,2,1.267362305352 
46,9,2,26.8467824611392 
42,7,1,680317.707784858 
47,25,2,0.860196135870046 
43,9,1,322485.255236675 
46,10,2,31.4390135854676 
44,14,1,41521.5139485452 
47,26,2,2.70408857132574 
41,22,1,1942.50518268094 
40,13,1,63046.3934318374 
46,11,2,46.1293141793245 
47,27,2,4.20403505874627 
45,8,1,581374.979972671 
47,28,2,0.884570495422884 
46,12,2,30.5685237038813 
47,29,2,4.19404735740681 
41,23,1,2282.27446260314 
44,15,1,33155.7237061569 
46,13,2,26.8802294762246 
47,30,2,1.90000199779092 
40,14,1,60356.81996986 
46,14,2,24.8367952044757 
43,10,1,327339.299578828 
41,24,1,1534.72821195338 
46,15,2,34.9173483419275 
42,8,1,712563.115267422 
44,16,1,39029.4085222117 
46,16,2,35.544515444389 
41,25,1,1761.6271377103 
45,9,1,566148.880973334 
46,17,2,29.1712324135913 
40,15,1,46985.705381332 
46,18,2,28.3429990137725 
41,26,1,1953.13819675931 
44,17,1,43352.6419599556 
43,11,1,218745.850412942 
46,19,2,33.172205500895 
41,27,1,1814.92551837866 
46,20,2,31.3732318130769 
40,16,1,53851.2342728657 
42,9,1,599209.137807081 
46,21,2,25.6300992117121 
44,18,1,41989.3432252243 
41,28,1,2086.99014777629 
46,22,2,33.6502340732109 
45,10,1,511069.577754434 
46,23,2,34.4244025270272 
43,12,1,265022.747398134 
40,17,1,56375.5996466261 
41,29,1,2329.63414878885 
46,24,2,23.7506922227753 
44,19,1,45733.33121372 
46,25,2,29.3695260949138 
41,30,1,1547.31272726516 
46,26,2,30.8996851668358 
42,10,1,667257.087440144 
40,18,1,61173.6786017056 
46,27,2,36.992299111528 
44,20,1,31417.375535865 
41,1,2,1952.83019109957 
45,11,1,507962.164521139 
43,13,1,278831.432708165 
46,28,2,20.7772823348008 
46,29,2,25.2292146500471 
41,2,2,1965.01427838502 
40,19,1,69140.0133204036 
46,30,2,25.1797604345149 
44,21,1,35214.5498068413 
41,3,2,1828.28150370253 
43,14,1,305279.108284555 
42,11,1,649586.433381292 
45,12,1,458518.432065181 
44,22,1,35588.3876520624 
40,20,1,63018.9780673086 
41,4,2,2118.66313718965 
41,5,2,1886.24472562523 
44,23,1,29735.3828601394 
40,21,1,67535.0432477791 
43,15,1,301122.115740801 
41,6,2,1798.1839075092 
45,13,1,544940.450718829 
42,12,1,695801.34434491 
41,7,2,1920.04756230247 
44,24,1,35416.4038139681 
40,22,1,52524.8499627917 
41,8,2,1816.54800541431 
43,16,1,269474.177911809 
44,25,1,34040.4191088368 
41,9,2,1985.35223766452 
40,23,1,53259.7942566635 
45,14,1,566057.174185302 
42,13,1,626819.288217553 
41,10,2,2317.71243591724 
44,26,1,38650.1775079022 
43,17,1,312307.632830408 
40,24,1,54580.0832377656 
41,11,2,2024.44306764997 
44,27,1,41063.7172885778 
41,12,2,2174.10947150244 
45,15,1,561481.897698049 
40,25,1,68240.1379430022 
42,14,1,671718.176734617 
43,18,1,322062.473781622 
41,13,2,1714.46708641379 
44,28,1,35410.5477691997 
41,14,2,2242.88623620648 
40,26,1,64068.8383898034 
44,29,1,26778.0440691254 
41,15,2,1447.35479967066 
45,16,1,568713.787141504 
43,19,1,311269.511133718 
40,27,1,78427.9265607183 
42,15,1,703182.712809171 
41,16,2,1509.62036949341 
44,30,1,35325.2606675127 
41,17,2,2127.93961069855 
40,28,1,61422.9278976744 
43,20,1,308337.706649101 
44,1,2,43014.665530169 
41,18,2,1994.09170789009 
45,17,1,616165.567194189 
41,19,2,2323.78267407986 
42,16,1,704197.54756152 
40,29,1,62016.1006959434 
44,2,2,32732.6543279812 
41,20,2,2140.74487605862 
43,21,1,312643.928808582 
44,3,2,34977.235092556 
40,30,1,53712.4762308469 
45,18,1,488962.677086914 
41,21,2,2207.60973526885 
41,22,2,2080.81833352848 
42,17,1,639403.544621631 
44,4,2,36275.8149263554 
43,22,1,315063.740483707 
40,1,2,65346.730391224 
41,23,2,2213.51174930509 
45,19,1,527550.394005073 
44,5,2,31783.6392841765 
41,24,2,1953.81652964882 
40,2,2,47276.681822474 
43,23,1,246137.004666109 
41,25,2,1708.64774499869 
42,18,1,644287.831439165 
44,6,2,38146.5621909114 
40,3,2,61812.1331884648 
41,26,2,1942.07037486121 
45,20,1,604523.515103445 
44,7,2,33958.1213874585 
41,27,2,2235.38601829871 
43,24,1,329954.153912542 
40,4,2,58832.5725585271 
41,28,2,1536.14405733178 
42,19,1,609419.099517724 
44,8,2,38495.8577952635 
41,29,2,1684.59200769884 
40,5,2,70250.6039359648 
45,21,1,469857.532534495 
43,25,1,352778.14209037 
41,30,2,1947.01926837848 
44,9,2,46716.8249925315 
40,6,2,58294.5289004575 
42,20,1,591335.120636647 
44,10,2,35871.5784383042 
43,26,1,255728.071971402 
45,22,1,552180.272214757 
40,7,2,58099.127575243 
44,11,2,36840.3160687626 
40,8,2,66472.0134152061 
43,27,1,327821.926052075 
42,21,1,640476.452994075 
44,12,2,38707.0716385739 
45,23,1,481465.345416082 
40,9,2,51626.20366244 
44,13,2,32070.307774254 
43,28,1,338377.793683158 
40,10,2,64444.9094567722 
42,22,1,693991.624411283 
44,14,2,38687.6790356745 
45,24,1,578341.774323023 
40,11,2,62313.8080487603 
43,29,1,258458.43736604 
44,15,2,35474.9099731749 
42,23,1,660107.748787199 
40,12,2,77592.6601910969 
44,16,2,33052.9959654792 
45,25,1,551523.060896165 
43,30,1,284578.187729239 
44,17,2,36629.1161335157 
40,13,2,56185.4457656127 
42,24,1,689850.439804434 
45,26,1,512695.00834565 
44,18,2,42425.9053093465 
40,14,2,63475.7752739847 
43,1,2,320299.671519155 
44,19,2,39748.9965327828 
40,15,2,64117.8711355545 
43,2,2,287207.329264701 
45,27,1,454599.167526958 
42,25,1,708115.199994824 
44,20,2,30367.0451342025 
40,16,2,51088.9160329307 
44,21,2,45241.7527259618 
43,3,2,277332.784474986 
40,17,2,77611.5544900588 
45,28,1,602380.112379404 
42,26,1,618954.617394304 
44,22,2,41412.2133628462 
40,18,2,66839.045099274 
43,4,2,293464.130457739 
44,23,2,37918.2582444089 
40,19,2,64175.626685864 
45,29,1,434376.35045074 
42,27,1,602307.714978585 
44,24,2,31810.0567333656 
43,5,2,295883.30958422 
40,20,2,61568.3225269374 
44,25,2,36496.0753204286 
40,21,2,44761.3381494732 
45,30,1,546226.431027293 
42,28,1,673869.13941731 
43,6,2,306306.227576363 
44,26,2,39787.5922504035 
40,22,2,63011.9606319015 
44,27,2,35079.9001011021 
45,1,2,520488.645299099 
43,7,2,347315.61603876 
40,23,2,67254.2483264527 
42,29,1,737038.148121498 
44,28,2,39838.7572336151 
40,24,2,62501.624744711 
43,8,2,304368.97969943 
44,29,2,27324.6947400401 
45,2,2,563099.067931849 
42,30,1,695338.491814403 
40,25,2,49289.179580056 
44,30,2,40940.9012362003 
43,9,2,340768.118632251 
40,26,2,60443.7917167986 
45,3,2,469915.702387393 
42,1,2,666073.223805659 
40,27,2,73118.201346107 
43,10,2,320041.742957655 
40,28,2,66814.5407127843 
45,4,2,594636.070233239 
43,11,2,301608.082187961 
42,2,2,653212.492922321 
40,29,2,63998.3906803277 
45,5,2,615211.426096965 
43,12,2,316834.278787307 
40,30,2,70973.5145788928 
42,3,2,677008.694301129 
43,13,2,341401.225888754 
45,6,2,509558.974546396 
42,4,2,651656.27103609 
43,14,2,300028.157779299 
45,7,2,501974.170574881 
42,5,2,654896.695202724 
43,15,2,333952.832980628 
45,8,2,549572.358029962 
43,16,2,284191.906474932 
42,6,2,640786.554192054 
45,9,2,521338.148570297 
43,17,2,297153.403680548 
42,7,2,619951.439185237 
43,18,2,285058.12375588 
45,10,2,532970.8833562 
42,8,2,544409.195321746 
43,19,2,280338.681737717 
45,11,2,601131.315075571 
43,20,2,321018.214749538 
42,9,2,671370.623086276 
45,12,2,530991.332151696 
43,21,2,303256.877189755 
42,10,2,728536.164032028 
45,13,2,554425.994211297 
43,22,2,300480.431160689 
42,11,2,534364.026836664 
45,14,2,592752.60262531 
43,23,2,308133.330836862 
42,12,2,598520.581337448 
43,24,2,333557.227611274 
45,15,2,581714.436836181 
43,25,2,361657.71953189 
42,13,2,555508.35724356 
45,16,2,550597.321020112 
43,26,2,331550.119206812 
45,17,2,479287.645049839 
42,14,2,692056.502672021 
43,27,2,283558.74331703 
45,18,2,554274.774901549 
42,15,2,647697.355144773 
43,28,2,284812.83750131 
45,19,2,527465.053009119 
43,29,2,285727.449528685 
42,16,2,709700.467409484 
43,30,2,335985.265896811 
45,20,2,538317.38116472 
42,17,2,696649.371903355 
45,21,2,530780.134102918 
42,18,2,589314.089887519 
45,22,2,543260.644539388 
42,19,2,549057.535016033 
45,23,2,547001.994055878 
42,20,2,672823.984138116 
45,24,2,542094.208608767 
42,21,2,667980.739934255 
45,25,2,551052.402425869 
42,22,2,727084.177977782 
45,26,2,562181.155831284 
42,23,2,696273.683156811 
45,27,2,507905.770459442 
42,24,2,759130.263468294 
45,28,2,515457.698383259 
42,25,2,615026.618399289 
45,29,2,464386.211310852 
42,26,2,616385.462262958 
45,30,2,521108.167470837 
42,27,2,715102.886309903 
42,28,2,690354.045455726 
42,29,2,639121.943752006 
42,30,2,725229.446265032 
52,1,1,58.6668125514068 
48,1,1,425.172539540214 
50,1,1,446.431773641344 
52,2,1,45.5845752093647 
54,1,1,20824.5167792641 
53,1,1,21473.0157913628 
48,2,1,584.720428734304 
50,2,1,505.115433036341 
52,3,1,89.2124295202524 
51,1,1,122854.713145208 
52,4,1,45.0640729721113 
49,1,1,279206.727660942 
48,3,1,451.198995078172 
50,3,1,495.015493837371 
54,2,1,21246.5763347077 
55,1,1,613265.992589254 
52,5,1,55.6223944875211 
53,2,1,28263.4671427803 
48,4,1,463.562905806405 
50,4,1,452.873486794893 
52,6,1,71.5033136600354 
51,2,1,133164.071763749 
52,7,1,54.7484008114392 
48,5,1,555.570249689449 
50,5,1,463.586165810271 
54,3,1,18584.3579751255 
53,3,1,33685.6959546148 
52,8,1,49.8938901387494 
49,2,1,261093.922757166 
48,6,1,452.96025406802 
50,6,1,485.642833269787 
52,9,1,57.0885325309385 
54,4,1,18422.568159366 
48,7,1,515.4165098515 
55,2,1,539923.031778739 
51,3,1,133232.076138272 
52,10,1,55.8447231302233 
50,7,1,569.822186406758 
53,4,1,38373.5067140332 
52,11,1,47.0121394871694 
48,8,1,468.963433566962 
50,8,1,623.227862007365 
54,5,1,21053.0993042706 
52,12,1,57.5217336631254 
49,3,1,240011.493164859 
48,9,1,453.111743562492 
53,5,1,34718.9946073937 
50,9,1,446.788762428964 
52,13,1,53.4476609393285 
51,4,1,99876.7118146074 
48,10,1,474.749577073034 
52,14,1,53.9843470238975 
54,6,1,15917.1794356146 
50,10,1,383.628709388718 
55,3,1,513561.250202997 
52,15,1,64.1680031227539 
48,11,1,602.400579767765 
53,6,1,32711.4130760496 
50,11,1,531.399744304042 
52,16,1,62.3584612513981 
49,4,1,313709.439607635 
51,5,1,134510.143708068 
54,7,1,18424.2360367123 
48,12,1,492.027781845335 
52,17,1,33.6769707183145 
50,12,1,428.733680582003 
52,18,1,45.1240334152993 
48,13,1,441.953324000162 
53,7,1,27342.4904295454 
50,13,1,566.38682141362 
52,19,1,73.4285241215879 
54,8,1,15617.884618016 
48,14,1,422.808746433036 
55,4,1,555983.395540703 
51,6,1,90276.6261176897 
52,20,1,49.2445291911527 
49,5,1,270496.875516553 
50,14,1,509.850782594861 
53,8,1,29423.5849451549 
48,15,1,518.407991538793 
52,21,1,45.9200203853698 
54,9,1,14785.9573867723 
50,15,1,522.638809470118 
52,22,1,57.203001638263 
48,16,1,614.818366817605 
52,23,1,61.5180400407064 
50,16,1,489.574548504087 
51,7,1,149279.393610648 
53,9,1,40542.6274755747 
48,17,1,445.873367008422 
54,10,1,21261.8116158648 
52,24,1,61.6095108685227 
49,6,1,205969.714591685 
50,17,1,545.734663218087 
55,5,1,498272.299413699 
52,25,1,40.7222377156479 
48,18,1,476.638077848376 
50,18,1,415.257183204491 
53,10,1,33169.796613638 
52,26,1,40.1462769852919 
54,11,1,18269.5224950562 
48,19,1,388.98806853912 
51,8,1,104661.458260797 
52,27,1,39.1610856858498 
50,19,1,543.196620225323 
48,20,1,581.282074563023 
52,28,1,52.7848641837384 
49,7,1,292446.988900712 
53,11,1,33592.0112589266 
54,12,1,18918.1860660588 
50,20,1,694.859840920167 
52,29,1,65.8437799509729 
48,21,1,400.749731927072 
55,6,1,598397.033333938 
51,9,1,82751.9741804431 
52,30,1,47.9571065763936 
50,21,1,603.647380222348 
48,22,1,525.898548403264 
52,1,2,63.1744777733298 
53,12,1,30827.8883209242 
54,13,1,23468.2236137403 
50,22,1,471.621081240025 
52,2,2,52.7190888852794 
49,8,1,328736.274960074 
48,23,1,495.443070719078 
52,3,2,53.055075586974 
50,23,1,531.652017309412 
51,10,1,127811.171721399 
48,24,1,478.911942521899 
54,14,1,20299.3497497206 
53,13,1,21735.8551808037 
52,4,2,45.6302565009959 
50,24,1,463.83710670748 
55,7,1,579865.85952703 
48,25,1,405.931108608093 
52,5,2,75.6644959451632 
50,25,1,584.712613446047 
54,15,1,16777.3309292758 
52,6,2,41.7147012556624 
49,9,1,301575.306399716 
53,14,1,25365.4517308321 
48,26,1,332.199923743627 
51,11,1,106199.872416479 
52,7,2,57.2949294873329 
50,26,1,448.906425953732 
48,27,1,489.024410431985 
52,8,2,48.1931418840418 
54,16,1,20036.8124495579 
50,27,1,536.733037833401 
53,15,1,30380.9647077792 
52,9,2,63.8474135451551 
48,28,1,419.168584518286 
55,8,1,563253.361761744 
51,12,1,123516.56170246 
52,10,2,59.3832668047981 
49,10,1,275462.867636941 
50,28,1,503.235708810112 
48,29,1,351.954222472898 
54,17,1,17813.6470047896 
52,11,2,80.1381991582622 
53,16,1,36733.1246084531 
50,29,1,540.281619549564 
48,30,1,533.293309467219 
52,12,2,43.571214285879 
52,13,2,51.4834346353714 
50,30,1,521.099854863725 
51,13,1,111818.371785479 
54,18,1,20923.3903330568 
48,1,2,498.847988080698 
53,17,1,35701.027156726 
52,14,2,69.1218573244771 
49,11,1,255935.904479332 
50,1,2,499.718480293925 
55,9,1,515740.979210203 
48,2,2,532.772579138458 
52,15,2,39.3674267315654 
54,19,1,20527.3371615954 
50,2,2,517.111567493409 
52,16,2,56.5084741837502 
48,3,2,518.234090976893 
51,14,1,113014.729634366 
53,18,1,34591.553915831 
52,17,2,53.7752528436791 
50,3,2,601.172427111061 
48,4,2,469.532972540288 
54,20,1,16791.2538943047 
52,18,2,58.8485811412049 
49,12,1,318358.98070235 
50,4,2,513.347578564308 
48,5,2,429.745560780179 
52,19,2,70.2850857193649 
53,19,1,31627.8195399871 
55,10,1,590860.783464388 
51,15,1,115310.558525058 
52,20,2,51.5232224565406 
50,5,2,459.723911096945 
54,21,1,23183.031358775 
48,6,2,405.969250377036 
52,21,2,50.6348653005498 
50,6,2,377.930365039129 
53,20,1,31752.9917595583 
48,7,2,420.87244628821 
52,22,2,58.2294332170959 
49,13,1,266177.812318741 
54,22,1,21520.7101262164 
52,23,2,70.5792113648988 
50,7,2,538.949993857923 
51,16,1,90138.4129063887 
48,8,2,488.450614385466 
52,24,2,39.565715787666 
53,21,1,25910.1101562406 
50,8,2,435.969171899979 
55,11,1,521210.99650117 
48,9,2,459.07724674785 
52,25,2,51.3413297027662 
54,23,1,19415.7508050073 
50,9,2,595.135818571837 
52,26,2,65.5550406214065 
48,10,2,519.667460891088 
49,14,1,231202.695958569 
51,17,1,131385.698286523 
53,22,1,27568.5488508045 
52,27,2,45.4696698925868 
50,10,2,649.144791690044 
48,11,2,475.021299784483 
54,24,1,20386.9675401612 
52,28,2,59.0461961840311 
48,12,2,479.988911691832 
50,11,2,645.55423055908 
52,29,2,67.9548528791698 
53,23,1,40053.0385694592 
55,12,1,551852.21583357 
54,25,1,19420.5034354239 
51,18,1,112874.509095565 
52,30,2,50.3447185059024 
49,15,1,288599.321692969 
48,13,2,506.09829289547 
50,12,2,523.985304021477 
48,14,2,531.130042967597 
50,13,2,605.870041101479 
53,24,1,33258.9701394181 
54,26,1,18332.4478067696 
48,15,2,445.245439080456 
50,14,2,431.895997038654 
51,19,1,98188.5944949636 
49,16,1,257613.377581472 
48,16,2,424.036798316765 
55,13,1,588052.879182571 
53,25,1,30090.3082197483 
50,15,2,529.372505851176 
54,27,1,20231.869807633 
48,17,2,497.53965699314 
50,16,2,555.762893920162 
51,20,1,138050.155431944 
54,28,1,22534.3642434537 
53,26,1,29766.266693189 
48,18,2,437.480271648097 
50,17,2,547.659764339824 
49,17,1,275206.6861533 
48,19,2,410.118050923913 
50,18,2,421.618130529991 
54,29,1,16598.6662127347 
55,14,1,493980.96373691 
53,27,1,35480.6527680506 
51,21,1,119214.84520513 
48,20,2,455.60689934911 
50,19,2,464.196859780309 
48,21,2,431.061519578637 
50,20,2,469.671374374137 
54,30,1,17330.6120245863 
49,18,1,237206.280810841 
53,28,1,28611.9322440249 
48,22,2,516.131234911248 
50,21,2,563.72411797979 
51,22,1,117067.689109178 
48,23,2,592.72382725907 
54,1,2,22268.6694764736 
55,15,1,568308.664990221 
50,22,2,560.683492168948 
53,29,1,29828.6927741959 
48,24,2,447.974652787854 
50,23,2,470.828416011986 
49,19,1,222539.738427368 
51,23,1,127505.293287358 
54,2,2,17633.7392048317 
48,25,2,463.616311886859 
53,30,1,29512.0449193347 
50,24,2,430.439858062046 
48,26,2,343.456586740529 
50,25,2,508.752895360407 
54,3,2,18248.110536235 
55,16,1,544166.437312547 
48,27,2,453.525297736001 
51,24,1,97952.6940925486 
53,1,2,28482.6511550985 
49,20,1,251811.886263134 
50,26,2,691.375113762051 
48,28,2,515.465770168238 
54,4,2,24332.6835826 
50,27,2,557.337457591879 
48,29,2,474.110680227275 
53,2,2,29582.0112783313 
51,25,1,123822.82477484 
50,28,2,592.013348603657 
54,5,2,21670.3783694651 
48,30,2,528.808052004838 
49,21,1,257755.248103698 
55,17,1,525549.63384008 
50,29,2,494.150578347735 
53,3,2,35063.9163423744 
50,30,2,575.715225576811 
54,6,2,18810.3879760553 
51,26,1,128738.943894292 
53,4,2,33882.3864364445 
49,22,1,260089.835745402 
54,7,2,22135.2887686884 
55,18,1,433263.533074375 
51,27,1,142583.262229052 
53,5,2,27839.7564961004 
54,8,2,17025.7541972215 
49,23,1,258936.337498078 
53,6,2,39974.6245274566 
51,28,1,121090.439261691 
54,9,2,21167.1452043261 
55,19,1,589418.596677487 
53,7,2,25116.7615550176 
54,10,2,24354.9854732693 
51,29,1,141899.08450922 
49,24,1,276029.516263819 
53,8,2,33986.0748569739 
54,11,2,20916.7974878336 
51,30,1,138393.942012701 
55,20,1,532593.612332664 
49,25,1,309895.803049279 
53,9,2,34258.304268327 
54,12,2,25790.7252471344 
51,1,2,108786.274011341 
54,13,2,22564.1147437235 
53,10,2,26805.3211639949 
49,26,1,243813.872034618 
55,21,1,537021.365012919 
54,14,2,23643.9751080963 
53,11,2,31872.6781720193 
51,2,2,133017.214277544 
54,15,2,19081.5833237914 
53,12,2,25956.359940832 
49,27,1,322643.575192632 
51,3,2,112225.359769173 
55,22,1,576774.891884722 
54,16,2,14637.366991042 
53,13,2,30781.9757475904 
49,28,1,303500.41625107 
54,17,2,22201.335347363 
51,4,2,76106.5315376429 
53,14,2,29625.9619488503 
55,23,1,620319.949710129 
54,18,2,17696.7853208207 
53,15,2,32645.6374525707 
51,5,2,139337.895375664 
49,29,1,272233.44116946 
54,19,2,19368.3278279281 
53,16,2,24676.5702916033 
51,6,2,99179.8936734668 
55,24,1,562384.892124869 
54,20,2,19709.7128070156 
49,30,1,306524.519087866 
53,17,2,38091.1693968077 
54,21,2,17817.2891461006 
51,7,2,100148.343043494 
53,18,2,37480.5468292356 
49,1,2,301033.298273817 
54,22,2,18222.6296623969 
55,25,1,533356.39470994 
51,8,2,100098.557655301 
53,19,2,30392.4839935385 
54,23,2,20309.5100885492 
49,2,2,270269.812806973 
53,20,2,31779.7862207099 
54,24,2,19314.1604484742 
51,9,2,136820.406727224 
55,26,1,585727.166186758 
53,21,2,31961.9767249969 
54,25,2,21192.8756874803 
49,3,2,300457.128847659 
51,10,2,148276.357483294 
53,22,2,25676.5114490845 
54,26,2,19354.7832246687 
55,27,1,424789.425724986 
51,11,2,98645.5502848721 
54,27,2,21264.2773189553 
53,23,2,31297.1002985614 
49,4,2,296663.235490884 
54,28,2,19921.1173418122 
53,24,2,32919.7729672149 
51,12,2,106674.182163316 
55,28,1,433938.758871013 
49,5,2,266066.146153515 
54,29,2,17885.2097810846 
53,25,2,38294.1437311643 
51,13,2,133932.558468135 
54,30,2,18559.7601342861 
53,26,2,32816.9431292301 
49,6,2,235269.512693177 
55,29,1,529332.639247035 
51,14,2,139028.526970655 
53,27,2,30684.7905185156 
49,7,2,333332.256920922 
51,15,2,110996.550303198 
53,28,2,35095.7690480618 
55,30,1,513470.119521722 
53,29,2,30636.6360603383 
51,16,2,129696.27890632 
49,8,2,262667.797698446 
53,30,2,30125.9232505132 
55,1,2,588254.351350546 
51,17,2,122908.6880181 
49,9,2,235887.614057048 
51,18,2,135461.301592642 
55,2,2,367533.376127534 
49,10,2,302299.646934001 
51,19,2,114508.817937174 
55,3,2,554580.792466302 
49,11,2,319676.659378979 
51,20,2,105813.455861113 
49,12,2,289740.209683555 
51,21,2,131752.631627291 
55,4,2,633032.011828439 
51,22,2,102596.04615945 
49,13,2,302166.007928188 
55,5,2,559757.555825272 
51,23,2,141248.615845747 
49,14,2,306609.945960216 
51,24,2,111919.052133193 
55,6,2,602835.071567091 
49,15,2,241914.597554996 
51,25,2,100847.560354905 
55,7,2,572353.589075755 
49,16,2,286542.063272481 
51,26,2,112070.141197433 
49,17,2,280158.017895424 
51,27,2,100508.33078074 
55,8,2,593597.500095571 
51,28,2,106618.072747417 
49,18,2,248156.452351863 
55,9,2,543125.37411999 
51,29,2,113258.202706604 
49,19,2,249595.504787506 
51,30,2,104264.237691819 
55,10,2,562401.500753919 
49,20,2,304479.08467637 
55,11,2,562430.744702564 
49,21,2,249678.120344497 
49,22,2,261591.903027135 
55,12,2,537964.184134509 
49,23,2,293048.605178138 
55,13,2,581538.237142527 
49,24,2,247077.35468758 
55,14,2,544078.635806522 
49,25,2,241158.278620007 
55,15,2,588966.578037347 
49,26,2,275337.656560565 
49,27,2,253640.230978194 
55,16,2,504649.931304862 
49,28,2,292647.733508256 
55,17,2,596126.031051929 
49,29,2,268308.666891757 
55,18,2,513284.925752252 
49,30,2,208104.926053271 
55,19,2,577249.163778288 
55,20,2,573686.472277673 
55,21,2,552986.039018424 
55,22,2,546795.988117546 
55,23,2,662702.578046485 
55,24,2,497990.143727434 
55,25,2,529823.345553318 
55,26,2,633761.343834476 
55,27,2,512605.92208669 
55,28,2,514649.688183486 
55,29,2,621642.768349838 
55,30,2,558428.273517116 
57,1,1,44.5437554469316 
58,1,1,153.636713367334 
56,1,1,1192.11992146325 
61,1,1,2315.98304567821 
57,2,1,35.8798977038319 
59,1,1,15023.2231295369 
58,2,1,120.27697857329 
63,1,1,20726.1874715108 
57,3,1,41.1284620088307 
56,2,1,1352.83882264635 
61,2,1,1827.13094480474 
58,3,1,99.3140892088948 
57,4,1,66.6929906854812 
60,1,1,362509.113704312 
59,2,1,18557.5965848636 
58,4,1,164.994404866133 
63,2,1,17739.5106387008 
56,3,1,1266.77645070371 
57,5,1,55.8744709096038 
61,3,1,1559.55280787272 
62,1,1,577031.259638251 
58,5,1,184.298521920699 
57,6,1,31.9973379133346 
56,4,1,1645.09051971389 
61,4,1,1731.0457034815 
57,7,1,46.0833811374737 
59,3,1,14993.6554977839 
58,6,1,199.54484562269 
63,3,1,21491.5858219735 
57,8,1,46.4154682050884 
56,5,1,1387.64492932226 
58,7,1,163.970833188047 
61,5,1,1608.07109593645 
60,2,1,310809.64775006 
57,9,1,56.2875472392143 
59,4,1,17358.6054215321 
58,8,1,144.142508612962 
63,4,1,14409.3305974317 
56,6,1,1429.3430060293 
57,10,1,40.6651630272701 
61,6,1,1349.2971280602 
62,2,1,608164.266597214 
58,9,1,215.461010068058 
57,11,1,52.6728001191219 
56,7,1,971.836748349876 
59,5,1,16734.9853157203 
58,10,1,144.418009243057 
57,12,1,61.2726389472471 
63,5,1,19499.3764981075 
61,7,1,1497.94585751897 
57,13,1,61.6661552392515 
60,3,1,356151.786491649 
58,11,1,191.209290051861 
56,8,1,1384.79868035934 
61,8,1,1980.24399562777 
57,14,1,60.0494407828069 
59,6,1,18617.7987166167 
58,12,1,181.05799735276 
63,6,1,16564.2479298166 
56,9,1,1114.58690572305 
57,15,1,43.9259652247161 
62,3,1,595139.221990642 
61,9,1,1830.05750420952 
58,13,1,188.633681989233 
57,16,1,70.5871463148377 
59,7,1,13538.4594620105 
56,10,1,1249.73279772823 
58,14,1,155.933876366135 
63,7,1,19281.8802113147 
57,17,1,56.6181755420712 
61,10,1,1907.26036520154 
60,4,1,366708.989540082 
58,15,1,188.037434424956 
57,18,1,50.8826125446894 
56,11,1,1296.54090211167 
59,8,1,15371.9001445778 
57,19,1,41.7005749270456 
61,11,1,1924.44003260741 
58,16,1,201.236986348433 
63,8,1,19163.2329036634 
56,12,1,1239.88007665846 
57,20,1,67.8669084090891 
58,17,1,163.865051715196 
61,12,1,1266.3486025609 
62,4,1,596470.900772529 
57,21,1,37.1467578915275 
59,9,1,16223.7806665467 
56,13,1,1211.75353132583 
58,18,1,178.160628748547 
60,5,1,351121.740451655 
63,9,1,20705.0719034477 
57,22,1,38.0786505948106 
61,13,1,2288.09072480503 
58,19,1,134.263471374912 
57,23,1,39.9033902746413 
56,14,1,1363.18618504893 
59,10,1,19376.019363561 
57,24,1,40.9865795391665 
58,20,1,200.279692582051 
63,10,1,12941.2956575199 
61,14,1,1905.11040989581 
56,15,1,1326.73633124267 
57,25,1,62.8246744513018 
58,21,1,190.253339395305 
62,5,1,621752.475832459 
57,26,1,40.8354784413443 
60,6,1,329605.500105427 
61,15,1,1881.37399284685 
59,11,1,12114.9237590768 
58,22,1,155.412533661782 
56,16,1,1209.01248438677 
63,11,1,18577.4514973926 
57,27,1,42.5228143494683 
58,23,1,155.342513958127 
61,16,1,1809.88088561079 
57,28,1,34.7541898025017 
56,17,1,1130.97175587046 
59,12,1,18320.4121082396 
58,24,1,149.194056497877 
57,29,1,67.6440024784649 
63,12,1,19944.8567372861 
61,17,1,1638.90695340219 
56,18,1,992.280161834999 
58,25,1,174.296815749571 
57,30,1,43.1963339001174 
60,7,1,308892.824546126 
59,13,1,13447.803585887 
57,1,2,42.0895723262822 
62,6,1,691092.150242074 
61,18,1,1644.87277806828 
58,26,1,217.080645467557 
63,13,1,18491.7007912492 
56,19,1,1238.04764448345 
57,2,2,54.9313958229831 
58,27,1,183.878615899697 
61,19,1,1692.27872503439 
57,3,2,43.0594543610337 
59,14,1,14341.3253725295 
56,20,1,975.964826903325 
58,28,1,124.041511607577 
57,4,2,57.0863340429176 
63,14,1,18404.1348922216 
61,20,1,2220.81208233198 
60,8,1,296372.704068757 
58,29,1,161.3076117793 
56,21,1,1297.3351880865 
57,5,2,43.7342696419156 
59,15,1,15826.07306215 
57,6,2,44.3543524845903 
58,30,1,194.669653719114 
62,7,1,669989.24943455 
61,21,1,1650.12559203445 
63,15,1,16805.5543079527 
56,22,1,1371.7882164582 
57,7,2,44.3951537071469 
58,1,2,131.543462583365 
57,8,2,50.6791814867177 
59,16,1,13985.5568113662 
61,22,1,1663.17593764132 
56,23,1,1564.25704450725 
58,2,2,189.091595708922 
63,16,1,21142.5605770539 
57,9,2,51.1573596114471 
60,9,1,355976.443253285 
58,3,2,171.210825962243 
61,23,1,1840.22649641544 
56,24,1,1213.1471389852 
57,10,2,43.7071833094791 
59,17,1,14752.1168903358 
58,4,2,137.592360810687 
57,11,2,52.7682621935208 
63,17,1,18759.1861726371 
62,8,1,630355.908322752 
61,24,1,2061.86505867947 
56,25,1,1209.88604044445 
57,12,2,41.111641052573 
58,5,2,173.002899958793 
59,18,1,18174.7422114615 
57,13,2,38.813435217803 
58,6,2,126.04405173583 
56,26,1,1227.4443308212 
61,25,1,1800.6927229092 
60,10,1,350440.987714905 
63,18,1,24660.6590073519 
57,14,2,38.6281852267046 
58,7,2,158.973653327589 
56,27,1,1500.55978166532 
57,15,2,33.2732458637139 
61,26,1,1551.35164951029 
59,19,1,9138.18106867516 
58,8,2,144.430476973902 
57,16,2,56.0619971166175 
63,19,1,19475.1773064362 
56,28,1,1204.78212757579 
62,9,1,658829.81999637 
58,9,2,187.960291128784 
61,27,1,1514.13619205006 
57,17,2,40.7742076883514 
59,20,1,12871.3914786045 
60,11,1,358610.577552736 
57,18,2,42.415876180283 
58,10,2,149.776227688424 
56,29,1,959.544028357204 
63,20,1,17294.4585325762 
61,28,1,1743.22788598965 
57,19,2,56.8995052567058 
58,11,2,173.629451143732 
56,30,1,1320.22877461061 
59,21,1,14357.4180478416 
57,20,2,57.0037142240657 
61,29,1,2205.62255333643 
58,12,2,135.655359899899 
57,21,2,31.8998313459938 
63,21,1,14213.8694813244 
56,1,2,1132.00378150691 
58,13,2,168.285905636018 
62,10,1,627537.749572015 
57,22,2,40.190808883712 
61,30,1,1837.24136514866 
60,12,1,358376.74799403 
59,22,1,17688.1166392945 
58,14,2,151.179696499978 
57,23,2,47.2286499004218 
56,2,2,1197.80603961012 
63,22,1,21595.7490566734 
61,1,2,1936.30257553938 
57,24,2,34.4406969186219 
58,15,2,167.968564799947 
59,23,1,14958.4227128811 
56,3,2,1214.64476203439 
57,25,2,46.1317244249163 
58,16,2,148.056005304543 
61,2,2,1871.783407896 
63,23,1,16823.1892309571 
57,26,2,36.0669889553827 
58,17,2,186.91457365006 
56,4,2,1022.92736030481 
60,13,1,386578.680610451 
59,24,1,12260.6425152772 
57,27,2,41.1805741365354 
62,11,1,661318.171831649 
61,3,2,1740.03165597576 
58,18,2,176.65786448761 
57,28,2,50.499172441089 
56,5,2,1402.79381108507 
63,24,1,19551.2728776037 
58,19,2,142.216054765431 
61,4,2,1770.74025990751 
57,29,2,48.1493163169055 
59,25,1,14622.5650241024 
56,6,2,958.36433308223 
57,30,2,53.4708550127282 
58,20,2,175.554744556601 
61,5,2,1776.11995226687 
63,25,1,14148.8325103526 
60,14,1,342778.652034639 
58,21,2,147.403488669189 
56,7,2,1299.68696458923 
59,26,1,12514.3548681331 
62,12,1,519650.985426702 
58,22,2,184.252615988651 
61,6,2,2328.51077218445 
56,8,2,1021.13180005519 
63,26,1,23680.2516115519 
58,23,2,153.80068527369 
59,27,1,13540.5090396947 
61,7,2,1531.12892505432 
56,9,2,1292.67611701311 
58,24,2,198.329808571708 
60,15,1,312695.197684456 
63,27,1,15440.193878119 
61,8,2,2325.1816654499 
58,25,2,181.030571179398 
56,10,2,1357.78804631305 
59,28,1,11945.5798527886 
58,26,2,133.589954014482 
62,13,1,619599.494416427 
61,9,2,1549.03637442214 
56,11,2,1045.75365233476 
63,28,1,16819.1768974966 
58,27,2,139.775523136896 
59,29,1,14476.6167015342 
61,10,2,1529.94524831369 
60,16,1,384995.664321417 
56,12,2,1003.07777111671 
58,28,2,131.323851419692 
63,29,1,13942.0281625917 
58,29,2,189.188093063642 
56,13,2,1556.00602047469 
59,30,1,14154.7101831948 
61,11,2,1529.90876072774 
58,30,2,154.28952838712 
56,14,2,1134.35543077585 
62,14,1,603966.37802362 
61,12,2,2099.51440285167 
63,30,1,16761.3632946259 
59,1,2,15724.155534523 
60,17,1,313123.362039339 
56,15,2,884.118887013636 
61,13,2,1557.47167835353 
63,1,2,17729.0830351033 
59,2,2,14369.2209897579 
56,16,2,904.183142456945 
61,14,2,1883.4558759162 
56,17,2,1138.66487782069 
63,2,2,20685.9443820112 
61,15,2,1601.48466229261 
62,15,1,523549.087568167 
59,3,2,17060.1622055478 
60,18,1,391468.228879947 
56,18,2,1213.45733430601 
61,16,2,2460.08549040012 
63,3,2,19827.9953967124 
59,4,2,16120.5315856073 
56,19,2,1413.80557348227 
61,17,2,1520.80374195714 
56,20,2,1505.5375228919 
60,19,1,357138.72610857 
59,5,2,15100.8569659254 
63,4,2,20407.4915167021 
61,18,2,2090.15233803468 
62,16,1,603831.761765558 
56,21,2,1272.51379950597 
59,6,2,14424.9634614582 
61,19,2,2073.22951870036 
63,5,2,19805.5285794672 
56,22,2,1379.0589195972 
61,20,2,1445.51739282911 
56,23,2,1137.38989181536 
60,20,1,279858.267901381 
59,7,2,14918.3190879547 
63,6,2,12488.3570130221 
61,21,2,1920.01277590907 
62,17,1,590974.031711992 
56,24,2,1121.23463783041 
59,8,2,15192.1590040187 
63,7,2,13914.3958677969 
61,22,2,1553.86502741355 
56,25,2,1356.08861424312 
60,21,1,316113.64672706 
56,26,2,1284.08797761878 
59,9,2,14181.0465973605 
61,23,2,1826.10391151304 
63,8,2,18314.4908919632 
56,27,2,1380.99470117556 
62,18,1,651912.482629865 
61,24,2,1761.1091957365 
59,10,2,16222.8805069846 
56,28,2,1215.78468400524 
63,9,2,22205.3679838015 
61,25,2,1625.6392717481 
60,22,1,342487.126004428 
59,11,2,14728.0580821464 
56,29,2,1360.87688511212 
61,26,2,2074.85003050667 
63,10,2,15369.2400644383 
56,30,2,1215.45706573045 
59,12,2,14425.3521117318 
62,19,1,672213.684635265 
61,27,2,1713.76418921455 
63,11,2,18466.9524527324 
60,23,1,281323.263214902 
61,28,2,2024.7553637284 
59,13,2,13395.4954344253 
63,12,2,18375.7890717893 
61,29,2,2079.0762300786 
59,14,2,13360.1151414093 
60,24,1,314670.620076865 
62,20,1,624279.959211503 
61,30,2,1873.55012484078 
63,13,2,18050.3219877629 
59,15,2,15524.7309454402 
63,14,2,18981.1564287365 
59,16,2,17216.3914295635 
60,25,1,329801.611243528 
62,21,1,624843.178010083 
63,15,2,15647.9070927822 
59,17,2,15694.5837323101 
63,16,2,13165.5594260858 
60,26,1,310837.467257084 
59,18,2,14062.2409657652 
63,17,2,18017.2155071768 
62,22,1,612973.166334348 
59,19,2,15996.5718538503 
60,27,1,300597.447265688 
63,18,2,13757.5033086909 
59,20,2,20063.0931919795 
63,19,2,17862.0245354458 
59,21,2,14152.4416142305 
62,23,1,642395.804130654 
60,28,1,316016.821856828 
63,20,2,22319.7337115041 
59,22,2,14604.3488733856 
63,21,2,16178.9994511639 
59,23,2,15999.1309607752 
60,29,1,303815.376512891 
62,24,1,555248.605697023 
63,22,2,19698.8175309834 
59,24,2,15115.2934764791 
59,25,2,14592.1890649627 
63,23,2,21618.2323245608 
60,30,1,311591.388073191 
62,25,1,595586.332663228 
59,26,2,17944.1787233561 
63,24,2,14298.2061584067 
59,27,2,17263.1345787586 
63,25,2,20447.0121368224 
60,1,2,359004.181553813 
59,28,2,17191.9058772852 
62,26,1,643907.344693452 
63,26,2,16218.8411878426 
60,2,2,323980.165725374 
59,29,2,16356.3077094819 
63,27,2,14168.5308920728 
59,30,2,14764.0855782543 
63,28,2,21636.837632343 
62,27,1,610085.078103201 
60,3,2,350686.93003912 
63,29,2,19431.8479967672 
63,30,2,16553.4681115149 
62,28,1,566110.134605371 
60,4,2,377724.245331744 
60,5,2,408871.431200482 
62,29,1,627171.297471265 
60,6,2,372701.855821269 
62,30,1,649673.403086743 
60,7,2,385869.770583797 
62,1,2,643824.79969357 
60,8,2,362953.438858774 
62,2,2,603838.779227259 
60,9,2,339658.936138885 
62,3,2,562479.631278538 
60,10,2,304144.316189023 
60,11,2,339516.180031088 
62,4,2,649759.904987076 
60,12,2,299336.333264489 
62,5,2,630498.053043435 
60,13,2,295041.655945125 
62,6,2,607340.354309206 
60,14,2,355988.392774038 
62,7,2,583657.951904085 
60,15,2,388931.308810542 
62,8,2,607636.383750044 
60,16,2,290012.768262724 
62,9,2,670070.187404665 
60,17,2,304636.844910579 
60,18,2,339323.750445501 
62,10,2,653581.710333286 
60,19,2,304052.320583297 
62,11,2,580112.522887391 
60,20,2,371002.231784344 
62,12,2,638582.613391631 
60,21,2,356149.838537204 
62,13,2,584248.695248651 
60,22,2,306429.676444544 
62,14,2,678555.780681138 
60,23,2,371128.02488918 
60,24,2,348891.029554286 
62,15,2,642599.127943713 
60,25,2,367862.708185924 
62,16,2,652114.608980237 
60,26,2,354593.488364105 
62,17,2,576209.80387964 
60,27,2,340256.805425448 
62,18,2,664144.546020607 
60,28,2,295585.144248028 
62,19,2,601482.33035731 
60,29,2,288989.987453235 
60,30,2,331915.884561583 
62,20,2,647529.536095235 
62,21,2,623626.24465996 
62,22,2,630628.542852209 
62,23,2,516157.970851667 
62,24,2,592553.823326863 
62,25,2,588236.562436217 
62,26,2,535080.674165405 
62,27,2,607412.93214242 
62,28,2,613738.198063838 
62,29,2,619472.191617825 
62,30,2,599067.616601316 
64,1,1,417860.276427406 
64,2,1,508323.490639184 
64,3,1,487999.077668154 
64,4,1,499374.094616798 
64,5,1,509090.05744708 
64,6,1,526414.483976727 
64,7,1,506950.063983457 
64,8,1,517482.566622774 
64,9,1,513008.488900961 
64,10,1,544087.514489679 
64,11,1,528727.316832528 
64,12,1,539059.744911802 
64,13,1,566943.914302114 
64,14,1,442768.57312632 
64,15,1,585804.168634873 
64,16,1,500017.651481341 
64,17,1,501651.635098674 
64,18,1,473579.700232785 
64,19,1,449698.729642092 
64,20,1,525946.791190278 
64,21,1,510273.09628199 
64,22,1,554710.701749539 
64,23,1,521629.296175803 
64,24,1,497172.609734972 
64,25,1,508798.326620339 
64,26,1,522364.615365946 
64,27,1,601316.792938643 
64,28,1,488827.584498721 
64,29,1,579542.595694332 
64,30,1,602454.49767308 
64,1,2,506818.167801265 
64,2,2,526116.076214444 
64,3,2,489306.072896817 
64,4,2,540553.940496039 
64,5,2,527851.461922986 
64,6,2,483701.75679169 
64,7,2,473450.197238821 
64,8,2,435404.983550754 
64,9,2,485075.075627398 
64,10,2,543201.252233237 
64,11,2,527513.920834455 
64,12,2,481527.333803591 
64,13,2,582184.031118417 
64,14,2,475870.120580615 
64,15,2,421420.265012669 
64,16,2,535791.685520658 
64,17,2,519611.717631616 
64,18,2,569498.09318601 
64,19,2,488727.062728569 
64,20,2,509687.769265892 
64,21,2,483415.082127826 
64,22,2,508882.369092318 
64,23,2,447876.729108563 
64,24,2,478568.737190162 
64,25,2,508006.754571536 
64,26,2,491794.769683759 
64,27,2,539241.033603765 
64,28,2,512379.787721538 
64,29,2,528759.313499144 
64,30,2,506631.648496595 
